file,timestamp,view,background,threshold,n_det,omega_count,omega_score,flags,note
cap_000000,2026-08-21T15:55:07.269,horizontal,22.51,25.01,2,1,0.7748954524302238,TempBand+Watershed+Merge+ClustSml+ShapeGate+MinPeaks+P-Filter+EquipRej+SkinPrio+Omega+OmScale+OmSplit+OmRot+GradFarF+Kalman+StaticSup,horizontal best
cap_000001,2026-08-21T15:55:07.361,horizontal,22.51,25.01,2,2,0.8799607836389636,TempBand+Watershed+Merge+ClustSml+ShapeGate+MinPeaks+P-Filter+EquipRej+SkinPrio+Omega+OmScale+OmSplit+OmRot+GradFarF+Kalman+StaticSup,horizontal best
cap_000002,2026-08-21T15:55:07.489,horizontal,22.51,25.01,2,2,0.9401658225622085,TempBand+Watershed+Merge+ClustSml+ShapeGate+MinPeaks+P-Filter+EquipRej+SkinPrio+Omega+OmScale+OmSplit+OmRot+GradFarF+Kalman+StaticSup,horizontal best
cap_000003,2026-08-21T15:55:07.585,horizontal,22.51,25.01,2,2,0.9669434746811744,TempBand+Watershed+Merge+ClustSml+ShapeGate+MinPeaks+P-Filter+EquipRej+SkinPrio+Omega+OmScale+OmSplit+OmRot+GradFarF+Kalman+StaticSup,horizontal best
cap_000004,2026-08-21T15:55:07.714,horizontal,22.51,25.01,2,1,0.9685562063825132,TempBand+Watershed+Merge+ClustSml+ShapeGate+MinPeaks+P-Filter+EquipRej+SkinPrio+Omega+OmScale+OmSplit+OmRot+GradFarF+Kalman+StaticSup,horizontal best
cap_000005,2026-08-21T15:55:07.813,horizontal,22.49,24.99,2,2,0.9360353974430835,TempBand+Watershed+Merge+ClustSml+ShapeGate+MinPeaks+P-Filter+EquipRej+SkinPrio+Omega+OmScale+OmSplit+OmRot+GradFarF+Kalman+StaticSup,horizontal best
cap_000006,2026-08-21T15:55:07.937,horizontal,22.49,24.99,2,1,0.938697833260794,TempBand+Watershed+Merge+ClustSml+ShapeGate+MinPeaks+P-Filter+EquipRej+SkinPrio+Omega+OmScale+OmSplit+OmRot+GradFarF+Kalman+StaticSup,horizontal best
cap_000007,2026-08-21T15:55:08.065,horizontal,22.47,24.97,2,1,0.994304464359037,TempBand+Watershed+Merge+ClustSml+ShapeGate+MinPeaks+P-Filter+EquipRej+SkinPrio+Omega+OmScale+OmSplit+OmRot+GradFarF+Kalman+StaticSup,horizontal best
cap_000008,2026-08-21T15:55:08.160,horizontal,22.47,24.97,2,1,0.9113510218142774,TempBand+Watershed+Merge+ClustSml+ShapeGate+MinPeaks+P-Filter+EquipRej+SkinPrio+Omega+OmScale+OmSplit+OmRot+GradFarF+Kalman+StaticSup,horizontal best
cap_000009,2026-08-21T15:55:08.292,horizontal,22.47,24.97,2,1,0.9064070935944424,TempBand+Watershed+Merge+ClustSml+ShapeGate+MinPeaks+P-Filter+EquipRej+SkinPrio+Omega+OmScale+OmSplit+OmRot+GradFarF+Kalman+StaticSup,horizontal best
cap_000010,2026-08-21T15:55:08.385,horizontal,22.42,24.92,2,1,0.830945883337184,TempBand+Watershed+Merge+ClustSml+ShapeGate+MinPeaks+P-Filter+EquipRej+SkinPrio+Omega+OmScale+OmSplit+OmRot+GradFarF+Kalman+StaticSup,horizontal best
cap_000011,2026-08-21T15:55:08.513,horizontal,22.44,24.94,2,1,0.8528043390843095,TempBand+Watershed+Merge+ClustSml+ShapeGate+MinPeaks+P-Filter+EquipRej+SkinPrio+Omega+OmScale+OmSplit+OmRot+GradFarF+Kalman+StaticSup,horizontal best
cap_000012,2026-08-21T15:55:08.612,horizontal,22.42,24.92,2,2,0.9000460536335559,TempBand+Watershed+Merge+ClustSml+ShapeGate+MinPeaks+P-Filter+EquipRej+SkinPrio+Omega+OmScale+OmSplit+OmRot+GradFarF+Kalman+StaticSup,horizontal best
cap_000013,2026-08-21T15:55:08.736,horizontal,22.42,24.92,2,1,0.9397016372368943,TempBand+Watershed+Merge+ClustSml+ShapeGate+MinPeaks+P-Filter+EquipRej+SkinPrio+Omega+OmScale+OmSplit+OmRot+GradFarF+Kalman+StaticSup,horizontal best
cap_000014,2026-08-21T15:55:08.835,horizontal,22.42,24.92,2,1,0.895208742050832,TempBand+Watershed+Merge+ClustSml+ShapeGate+MinPeaks+P-Filter+EquipRej+SkinPrio+Omega+OmScale+OmSplit+OmRot+GradFarF+Kalman+StaticSup,horizontal best
cap_000015,2026-08-21T15:55:08.962,horizontal,22.42,24.92,2,1,0.8972009662742256,TempBand+Watershed+Merge+ClustSml+ShapeGate+MinPeaks+P-Filter+EquipRej+SkinPrio+Omega+OmScale+OmSplit+OmRot+GradFarF+Kalman+StaticSup,horizontal best
cap_000016,2026-08-21T15:55:09.093,horizontal,22.44,24.94,2,2,0.7745614457696938,TempBand+Watershed+Merge+ClustSml+ShapeGate+MinPeaks+P-Filter+EquipRej+SkinPrio+Omega+OmScale+OmSplit+OmRot+GradFarF+Kalman+StaticSup,horizontal best
cap_000017,2026-08-21T15:55:09.188,horizontal,22.42,24.92,2,1,0.7939860585764595,TempBand+Watershed+Merge+ClustSml+ShapeGate+MinPeaks+P-Filter+EquipRej+SkinPrio+Omega+OmScale+OmSplit+OmRot+GradFarF+Kalman+StaticSup,horizontal best
cap_000018,2026-08-21T15:55:09.317,horizontal,22.44,24.94,2,2,0.8802015702120592,TempBand+Watershed+Merge+ClustSml+ShapeGate+MinPeaks+P-Filter+EquipRej+SkinPrio+Omega+OmScale+OmSplit+OmRot+GradFarF+Kalman+StaticSup,horizontal best
cap_000019,2026-08-21T15:55:09.411,horizontal,22.44,24.94,2,2,0.780286029490608,TempBand+Watershed+Merge+ClustSml+ShapeGate+MinPeaks+P-Filter+EquipRej+SkinPrio+Omega+OmScale+OmSplit+OmRot+GradFarF+Kalman+StaticSup,horizontal best
cap_000020,2026-08-21T15:55:09.539,horizontal,22.44,24.94,2,2,0.8181097421095402,TempBand+Watershed+Merge+ClustSml+ShapeGate+MinPeaks+P-Filter+EquipRej+SkinPrio+Omega+OmScale+OmSplit+OmRot+GradFarF+Kalman+StaticSup,horizontal best
cap_000021,2026-08-21T15:55:09.634,horizontal,22.44,24.94,2,1,0.7984027850627706,TempBand+Watershed+Merge+ClustSml+ShapeGate+MinPeaks+P-Filter+EquipRej+SkinPrio+Omega+OmScale+OmSplit+OmRot+GradFarF+Kalman+StaticSup,horizontal best
cap_000022,2026-08-21T15:55:09.765,horizontal,22.47,24.97,2,2,0.8708377237204413,TempBand+Watershed+Merge+ClustSml+ShapeGate+MinPeaks+P-Filter+EquipRej+SkinPrio+Omega+OmScale+OmSplit+OmRot+GradFarF+Kalman+StaticSup,horizontal best
cap_000023,2026-08-21T15:55:09.859,horizontal,22.47,24.97,2,2,0.8916361185559323,TempBand+Watershed+Merge+ClustSml+ShapeGate+MinPeaks+P-Filter+EquipRej+SkinPrio+Omega+OmScale+OmSplit+OmRot+GradFarF+Kalman+StaticSup,horizontal best
cap_000024,2026-08-21T15:55:09.994,horizontal,22.47,24.97,2,2,0.8909172383394087,TempBand+Watershed+Merge+ClustSml+ShapeGate+MinPeaks+P-Filter+EquipRej+SkinPrio+Omega+OmScale+OmSplit+OmRot+GradFarF+Kalman+StaticSup,horizontal best
cap_000025,2026-08-21T15:55:10.114,horizontal,22.44,24.94,2,2,0.88390730343512,TempBand+Watershed+Merge+ClustSml+ShapeGate+MinPeaks+P-Filter+EquipRej+SkinPrio+Omega+OmScale+OmSplit+OmRot+GradFarF+Kalman+StaticSup,horizontal best
cap_000026,2026-08-21T15:55:10.207,horizontal,22.44,24.94,2,1,0.8695708694260045,TempBand+Watershed+Merge+ClustSml+ShapeGate+MinPeaks+P-Filter+EquipRej+SkinPrio+Omega+OmScale+OmSplit+OmRot+GradFarF+Kalman+StaticSup,horizontal best
cap_000027,2026-08-21T15:55:10.340,horizontal,22.44,24.94,2,1,0.8994592922419897,TempBand+Watershed+Merge+ClustSml+ShapeGate+MinPeaks+P-Filter+EquipRej+SkinPrio+Omega+OmScale+OmSplit+OmRot+GradFarF+Kalman+StaticSup,horizontal best
cap_000028,2026-08-21T15:55:10.433,horizontal,22.44,24.94,2,1,0.9283301618513329,TempBand+Watershed+Merge+ClustSml+ShapeGate+MinPeaks+P-Filter+EquipRej+SkinPrio+Omega+OmScale+OmSplit+OmRot+GradFarF+Kalman+StaticSup,horizontal best
cap_000029,2026-08-21T15:55:10.559,horizontal,22.44,24.94,2,1,0.8458183869800231,TempBand+Watershed+Merge+ClustSml+ShapeGate+MinPeaks+P-Filter+EquipRej+SkinPrio+Omega+OmScale+OmSplit+OmRot+GradFarF+Kalman+StaticSup,horizontal best
cap_000030,2026-08-21T15:55:10.660,horizontal,22.44,24.94,2,2,0.8477310086543111,TempBand+Watershed+Merge+ClustSml+ShapeGate+MinPeaks+P-Filter+EquipRej+SkinPrio+Omega+OmScale+OmSplit+OmRot+GradFarF+Kalman+StaticSup,horizontal best
cap_000031,2026-08-21T15:55:10.787,horizontal,22.44,24.94,2,2,0.8819030473125216,TempBand+Watershed+Merge+ClustSml+ShapeGate+MinPeaks+P-Filter+EquipRej+SkinPrio+Omega+OmScale+OmSplit+OmRot+GradFarF+Kalman+StaticSup,horizontal best
cap_000032,2026-08-21T15:55:10.913,horizontal,22.47,24.97,2,1,0.9028985410348177,TempBand+Watershed+Merge+ClustSml+ShapeGate+MinPeaks+P-Filter+EquipRej+SkinPrio+Omega+OmScale+OmSplit+OmRot+GradFarF+Kalman+StaticSup,horizontal best
cap_000033,2026-08-21T15:55:11.010,horizontal,22.47,24.97,2,1,0.9409325124946454,TempBand+Watershed+Merge+ClustSml+ShapeGate+MinPeaks+P-Filter+EquipRej+SkinPrio+Omega+OmScale+OmSplit+OmRot+GradFarF+Kalman+StaticSup,horizontal best
cap_000034,2026-08-21T15:55:11.139,horizontal,22.47,24.97,2,2,0.948073773214854,TempBand+Watershed+Merge+ClustSml+ShapeGate+MinPeaks+P-Filter+EquipRej+SkinPrio+Omega+OmScale+OmSplit+OmRot+GradFarF+Kalman+StaticSup,horizontal best
cap_000035,2026-08-21T15:55:11.233,horizontal,22.47,24.97,2,2,0.9060922291123251,TempBand+Watershed+Merge+ClustSml+ShapeGate+MinPeaks+P-Filter+EquipRej+SkinPrio+Omega+OmScale+OmSplit+OmRot+GradFarF+Kalman+StaticSup,horizontal best
cap_000036,2026-08-21T15:55:11.361,horizontal,22.47,24.97,2,1,0.958294854932059,TempBand+Watershed+Merge+ClustSml+ShapeGate+MinPeaks+P-Filter+EquipRej+SkinPrio+Omega+OmScale+OmSplit+OmRot+GradFarF+Kalman+StaticSup,horizontal best
cap_000037,2026-08-21T15:55:11.459,horizontal,22.44,24.94,2,1,0.8291724965445001,TempBand+Watershed+Merge+ClustSml+ShapeGate+MinPeaks+P-Filter+EquipRej+SkinPrio+Omega+OmScale+OmSplit+OmRot+GradFarF+Kalman+StaticSup,horizontal best
cap_000038,2026-08-21T15:55:11.589,horizontal,22.44,24.94,2,1,0.9537510549980636,TempBand+Watershed+Merge+ClustSml+ShapeGate+MinPeaks+P-Filter+EquipRej+SkinPrio+Omega+OmScale+OmSplit+OmRot+GradFarF+Kalman+StaticSup,horizontal best
cap_000039,2026-08-21T15:55:11.683,horizontal,22.47,24.97,2,2,0.916346824662728,TempBand+Watershed+Merge+ClustSml+ShapeGate+MinPeaks+P-Filter+EquipRej+SkinPrio+Omega+OmScale+OmSplit+OmRot+GradFarF+Kalman+StaticSup,horizontal best
cap_000040,2026-08-21T15:55:11.812,horizontal,22.44,24.94,2,1,0.8646771052916936,TempBand+Watershed+Merge+ClustSml+ShapeGate+MinPeaks+P-Filter+EquipRej+SkinPrio+Omega+OmScale+OmSplit+OmRot+GradFarF+Kalman+StaticSup,horizontal best
cap_000041,2026-08-21T15:55:11.944,horizontal,22.44,24.94,2,1,0.7716384418421107,TempBand+Watershed+Merge+ClustSml+ShapeGate+MinPeaks+P-Filter+EquipRej+SkinPrio+Omega+OmScale+OmSplit+OmRot+GradFarF+Kalman+StaticSup,horizontal best
cap_000042,2026-08-21T15:55:12.034,horizontal,22.44,24.94,2,1,0.7479994017265806,TempBand+Watershed+Merge+ClustSml+ShapeGate+MinPeaks+P-Filter+EquipRej+SkinPrio+Omega+OmScale+OmSplit+OmRot+GradFarF+Kalman+StaticSup,horizontal best
cap_000043,2026-08-21T15:55:12.162,horizontal,22.44,24.94,2,1,0.6325868332461007,TempBand+Watershed+Merge+ClustSml+ShapeGate+MinPeaks+P-Filter+EquipRej+SkinPrio+Omega+OmScale+OmSplit+OmRot+GradFarF+Kalman+StaticSup,horizontal best
cap_000044,2026-08-21T15:55:12.255,horizontal,22.44,24.94,2,1,0.6087047124911779,TempBand+Watershed+Merge+ClustSml+ShapeGate+MinPeaks+P-Filter+EquipRej+SkinPrio+Omega+OmScale+OmSplit+OmRot+GradFarF+Kalman+StaticSup,horizontal best
cap_000045,2026-08-21T15:55:12.384,horizontal,22.44,24.94,2,1,0.6733392902942608,TempBand+Watershed+Merge+ClustSml+ShapeGate+MinPeaks+P-Filter+EquipRej+SkinPrio+Omega+OmScale+OmSplit+OmRot+GradFarF+Kalman+StaticSup,horizontal best
cap_000046,2026-08-21T15:55:12.482,horizontal,22.44,24.94,2,1,0.6429117510229229,TempBand+Watershed+Merge+ClustSml+ShapeGate+MinPeaks+P-Filter+EquipRej+SkinPrio+Omega+OmScale+OmSplit+OmRot+GradFarF+Kalman+StaticSup,horizontal best
cap_000047,2026-08-21T15:55:12.614,horizontal,22.44,24.94,2,1,0.5398463360516883,TempBand+Watershed+Merge+ClustSml+ShapeGate+MinPeaks+P-Filter+EquipRej+SkinPrio+Omega+OmScale+OmSplit+OmRot+GradFarF+Kalman+StaticSup,horizontal best
cap_000048,2026-08-21T15:55:12.744,horizontal,22.42,24.92,2,1,0.4940301053534234,TempBand+Watershed+Merge+ClustSml+ShapeGate+MinPeaks+P-Filter+EquipRej+SkinPrio+Omega+OmScale+OmSplit+OmRot+GradFarF+Kalman+StaticSup,horizontal best
cap_000049,2026-08-21T15:55:12.833,horizontal,22.42,24.92,2,1,0.5263503004784441,TempBand+Watershed+Merge+ClustSml+ShapeGate+MinPeaks+P-Filter+EquipRej+SkinPrio+Omega+OmScale+OmSplit+OmRot+GradFarF+Kalman+StaticSup,horizontal best
cap_000050,2026-08-21T15:55:12.967,horizontal,22.42,24.92,2,1,0.5607868847988229,TempBand+Watershed+Merge+ClustSml+ShapeGate+MinPeaks+P-Filter+EquipRej+SkinPrio+Omega+OmScale+OmSplit+OmRot+GradFarF+Kalman+StaticSup,horizontal best
cap_000051,2026-08-21T15:55:13.058,horizontal,22.42,24.92,2,1,0.7846486368662804,TempBand+Watershed+Merge+ClustSml+ShapeGate+MinPeaks+P-Filter+EquipRej+SkinPrio+Omega+OmScale+OmSplit+OmRot+GradFarF+Kalman+StaticSup,horizontal best
cap_000052,2026-08-21T15:55:13.191,horizontal,22.42,24.92,2,1,0.6555283945181067,TempBand+Watershed+Merge+ClustSml+ShapeGate+MinPeaks+P-Filter+EquipRej+SkinPrio+Omega+OmScale+OmSplit+OmRot+GradFarF+Kalman+StaticSup,horizontal best
cap_000053,2026-08-21T15:55:13.283,horizontal,22.42,24.92,2,1,0.673212809167024,TempBand+Watershed+Merge+ClustSml+ShapeGate+MinPeaks+P-Filter+EquipRej+SkinPrio+Omega+OmScale+OmSplit+OmRot+GradFarF+Kalman+StaticSup,horizontal best
cap_000054,2026-08-21T15:55:13.413,horizontal,22.40,24.90,2,2,0.6402216544455335,TempBand+Watershed+Merge+ClustSml+ShapeGate+MinPeaks+P-Filter+EquipRej+SkinPrio+Omega+OmScale+OmSplit+OmRot+GradFarF+Kalman+StaticSup,horizontal best
cap_000055,2026-08-21T15:55:13.508,horizontal,22.37,24.87,2,1,0.6792396247229169,TempBand+Watershed+Merge+ClustSml+ShapeGate+MinPeaks+P-Filter+EquipRej+SkinPrio+Omega+OmScale+OmSplit+OmRot+GradFarF+Kalman+StaticSup,horizontal best
cap_000056,2026-08-21T15:55:13.633,horizontal,22.37,24.87,2,1,0.6177727663199984,TempBand+Watershed+Merge+ClustSml+ShapeGate+MinPeaks+P-Filter+EquipRej+SkinPrio+Omega+OmScale+OmSplit+OmRot+GradFarF+Kalman+StaticSup,horizontal best
cap_000057,2026-08-21T15:55:13.760,horizontal,22.37,24.87,2,1,0.666924225275577,TempBand+Watershed+Merge+ClustSml+ShapeGate+MinPeaks+P-Filter+EquipRej+SkinPrio+Omega+OmScale+OmSplit+OmRot+GradFarF+Kalman+StaticSup,horizontal best
cap_000058,2026-08-21T15:55:13.857,horizontal,22.35,24.85,2,1,0.8184646745866716,TempBand+Watershed+Merge+ClustSml+ShapeGate+MinPeaks+P-Filter+EquipRej+SkinPrio+Omega+OmScale+OmSplit+OmRot+GradFarF+Kalman+StaticSup,horizontal best
cap_000059,2026-08-21T15:55:13.987,horizontal,22.35,24.85,2,1,0.8648181081186873,TempBand+Watershed+Merge+ClustSml+ShapeGate+MinPeaks+P-Filter+EquipRej+SkinPrio+Omega+OmScale+OmSplit+OmRot+GradFarF+Kalman+StaticSup,horizontal best
cap_000060,2026-08-21T15:55:14.083,horizontal,22.35,24.85,2,1,0.7423071074753681,TempBand+Watershed+Merge+ClustSml+ShapeGate+MinPeaks+P-Filter+EquipRej+SkinPrio+Omega+OmScale+OmSplit+OmRot+GradFarF+Kalman+StaticSup,horizontal best
cap_000061,2026-08-21T15:55:14.212,horizontal,22.35,24.85,2,1,0.8149804655196748,TempBand+Watershed+Merge+ClustSml+ShapeGate+MinPeaks+P-Filter+EquipRej+SkinPrio+Omega+OmScale+OmSplit+OmRot+GradFarF+Kalman+StaticSup,horizontal best
cap_000062,2026-08-21T15:55:14.309,horizontal,22.35,24.85,2,2,0.6193637242734034,TempBand+Watershed+Merge+ClustSml+ShapeGate+MinPeaks+P-Filter+EquipRej+SkinPrio+Omega+OmScale+OmSplit+OmRot+GradFarF+Kalman+StaticSup,horizontal best
cap_000063,2026-08-21T15:55:14.437,horizontal,22.33,24.83,2,1,0.7823541780295629,TempBand+Watershed+Merge+ClustSml+ShapeGate+MinPeaks+P-Filter+EquipRej+SkinPrio+Omega+OmScale+OmSplit+OmRot+GradFarF+Kalman+StaticSup,horizontal best
cap_000064,2026-08-21T15:55:14.569,horizontal,22.33,24.83,2,2,0.6523549025690524,TempBand+Watershed+Merge+ClustSml+ShapeGate+MinPeaks+P-Filter+EquipRej+SkinPrio+Omega+OmScale+OmSplit+OmRot+GradFarF+Kalman+StaticSup,horizontal best
cap_000065,2026-08-21T15:55:14.662,horizontal,22.30,24.80,2,1,0.1281366444208415,TempBand+Watershed+Merge+ClustSml+ShapeGate+MinPeaks+P-Filter+EquipRej+SkinPrio+Omega+OmScale+OmSplit+OmRot+GradFarF+Kalman+StaticSup,horizontal best
cap_000066,2026-08-21T15:55:14.788,horizontal,22.30,24.80,2,1,0.13536082804028685,TempBand+Watershed+Merge+ClustSml+ShapeGate+MinPeaks+P-Filter+EquipRej+SkinPrio+Omega+OmScale+OmSplit+OmRot+GradFarF+Kalman+StaticSup,horizontal best
cap_000067,2026-08-21T15:55:14.883,horizontal,22.30,24.80,2,1,0.030353069377755146,TempBand+Watershed+Merge+ClustSml+ShapeGate+MinPeaks+P-Filter+EquipRej+SkinPrio+Omega+OmScale+OmSplit+OmRot+GradFarF+Kalman+StaticSup,horizontal best
cap_000068,2026-08-21T15:55:15.014,horizontal,22.30,24.80,2,1,0.14508059847478705,TempBand+Watershed+Merge+ClustSml+ShapeGate+MinPeaks+P-Filter+EquipRej+SkinPrio+Omega+OmScale+OmSplit+OmRot+GradFarF+Kalman+StaticSup,horizontal best
cap_000069,2026-08-21T15:55:15.107,horizontal,22.30,24.80,2,1,0.12557426618424114,TempBand+Watershed+Merge+ClustSml+ShapeGate+MinPeaks+P-Filter+EquipRej+SkinPrio+Omega+OmScale+OmSplit+OmRot+GradFarF+Kalman+StaticSup,horizontal best
cap_000070,2026-08-21T15:55:15.237,horizontal,22.28,24.78,2,1,0.19464902925824812,TempBand+Watershed+Merge+ClustSml+ShapeGate+MinPeaks+P-Filter+EquipRej+SkinPrio+Omega+OmScale+OmSplit+OmRot+GradFarF+Kalman+StaticSup,horizontal best
cap_000071,2026-08-21T15:55:15.331,horizontal,22.28,24.78,2,1,0.14052819855630602,TempBand+Watershed+Merge+ClustSml+ShapeGate+MinPeaks+P-Filter+EquipRej+SkinPrio+Omega+OmScale+OmSplit+OmRot+GradFarF+Kalman+StaticSup,horizontal best
cap_000072,2026-08-21T15:55:15.460,horizontal,22.30,24.80,2,1,0.15527376514944866,TempBand+Watershed+Merge+ClustSml+ShapeGate+MinPeaks+P-Filter+EquipRej+SkinPrio+Omega+OmScale+OmSplit+OmRot+GradFarF+Kalman+StaticSup,horizontal best
cap_000073,2026-08-21T15:55:15.595,horizontal,22.30,24.80,2,1,0.22850173091861922,TempBand+Watershed+Merge+ClustSml+ShapeGate+MinPeaks+P-Filter+EquipRej+SkinPrio+Omega+OmScale+OmSplit+OmRot+GradFarF+Kalman+StaticSup,horizontal best
cap_000074,2026-08-21T15:55:15.682,horizontal,22.30,24.80,2,1,0.3451495722120415,TempBand+Watershed+Merge+ClustSml+ShapeGate+MinPeaks+P-Filter+EquipRej+SkinPrio+Omega+OmScale+OmSplit+OmRot+GradFarF+Kalman+StaticSup,horizontal best
cap_000075,2026-08-21T15:55:15.812,horizontal,22.28,24.78,2,1,0.4024694010065603,TempBand+Watershed+Merge+ClustSml+ShapeGate+MinPeaks+P-Filter+EquipRej+SkinPrio+Omega+OmScale+OmSplit+OmRot+GradFarF+Kalman+StaticSup,horizontal best
cap_000076,2026-08-21T15:55:15.906,horizontal,22.28,24.78,2,1,0.5509646252646005,TempBand+Watershed+Merge+ClustSml+ShapeGate+MinPeaks+P-Filter+EquipRej+SkinPrio+Omega+OmScale+OmSplit+OmRot+GradFarF+Kalman+StaticSup,horizontal best
cap_000077,2026-08-21T15:55:16.034,horizontal,22.30,24.80,2,1,0.51169376602058,TempBand+Watershed+Merge+ClustSml+ShapeGate+MinPeaks+P-Filter+EquipRej+SkinPrio+Omega+OmScale+OmSplit+OmRot+GradFarF+Kalman+StaticSup,horizontal best
cap_000078,2026-08-21T15:55:16.131,horizontal,22.30,24.80,2,0,0.0,TempBand+Watershed+Merge+ClustSml+ShapeGate+MinPeaks+P-Filter+EquipRej+SkinPrio+Omega+OmScale+OmSplit+OmRot+GradFarF+Kalman+StaticSup,horizontal best
cap_000079,2026-08-21T15:55:16.263,horizontal,22.30,24.80,2,1,0.17353553943794137,TempBand+Watershed+Merge+ClustSml+ShapeGate+MinPeaks+P-Filter+EquipRej+SkinPrio+Omega+OmScale+OmSplit+OmRot+GradFarF+Kalman+StaticSup,horizontal best
cap_000080,2026-08-21T15:55:16.354,horizontal,22.28,24.78,2,1,0.21003750283283815,TempBand+Watershed+Merge+ClustSml+ShapeGate+MinPeaks+P-Filter+EquipRej+SkinPrio+Omega+OmScale+OmSplit+OmRot+GradFarF+Kalman+StaticSup,horizontal best
cap_000081,2026-08-21T15:55:16.485,horizontal,22.28,24.78,2,0,0.0,TempBand+Watershed+Merge+ClustSml+ShapeGate+MinPeaks+P-Filter+EquipRej+SkinPrio+Omega+OmScale+OmSplit+OmRot+GradFarF+Kalman+StaticSup,horizontal best
cap_000082,2026-08-21T15:55:16.616,horizontal,22.26,24.76,2,0,0.0,TempBand+Watershed+Merge+ClustSml+ShapeGate+MinPeaks+P-Filter+EquipRej+SkinPrio+Omega+OmScale+OmSplit+OmRot+GradFarF+Kalman+StaticSup,horizontal best
cap_000083,2026-08-21T15:55:16.705,horizontal,22.23,24.73,2,1,0.1958605152070735,TempBand+Watershed+Merge+ClustSml+ShapeGate+MinPeaks+P-Filter+EquipRej+SkinPrio+Omega+OmScale+OmSplit+OmRot+GradFarF+Kalman+StaticSup,horizontal best
cap_000084,2026-08-21T15:55:16.837,horizontal,22.23,24.73,2,0,0.0,TempBand+Watershed+Merge+ClustSml+ShapeGate+MinPeaks+P-Filter+EquipRej+SkinPrio+Omega+OmScale+OmSplit+OmRot+GradFarF+Kalman+StaticSup,horizontal best
cap_000085,2026-08-21T15:55:16.928,horizontal,22.23,24.73,2,0,0.0,TempBand+Watershed+Merge+ClustSml+ShapeGate+MinPeaks+P-Filter+EquipRej+SkinPrio+Omega+OmScale+OmSplit+OmRot+GradFarF+Kalman+StaticSup,horizontal best
cap_000086,2026-08-21T15:55:17.055,horizontal,22.23,24.73,2,0,0.0,TempBand+Watershed+Merge+ClustSml+ShapeGate+MinPeaks+P-Filter+EquipRej+SkinPrio+Omega+OmScale+OmSplit+OmRot+GradFarF+Kalman+StaticSup,horizontal best
cap_000087,2026-08-21T15:55:17.154,horizontal,22.23,24.73,2,0,0.0,TempBand+Watershed+Merge+ClustSml+ShapeGate+MinPeaks+P-Filter+EquipRej+SkinPrio+Omega+OmScale+OmSplit+OmRot+GradFarF+Kalman+StaticSup,horizontal best
cap_000088,2026-08-21T15:55:17.283,horizontal,22.23,24.73,2,0,0.0,TempBand+Watershed+Merge+ClustSml+ShapeGate+MinPeaks+P-Filter+EquipRej+SkinPrio+Omega+OmScale+OmSplit+OmRot+GradFarF+Kalman+StaticSup,horizontal best
cap_000089,2026-08-21T15:55:17.415,horizontal,22.23,24.73,2,0,0.0,TempBand+Watershed+Merge+ClustSml+ShapeGate+MinPeaks+P-Filter+EquipRej+SkinPrio+Omega+OmScale+OmSplit+OmRot+GradFarF+Kalman+StaticSup,horizontal best
cap_000090,2026-08-21T15:55:17.506,horizontal,22.23,24.73,2,0,0.0,TempBand+Watershed+Merge+ClustSml+ShapeGate+MinPeaks+P-Filter+EquipRej+SkinPrio+Omega+OmScale+OmSplit+OmRot+GradFarF+Kalman+StaticSup,horizontal best
cap_000091,2026-08-21T15:55:17.640,horizontal,22.23,24.73,2,0,0.0,TempBand+Watershed+Merge+ClustSml+ShapeGate+MinPeaks+P-Filter+EquipRej+SkinPrio+Omega+OmScale+OmSplit+OmRot+GradFarF+Kalman+StaticSup,horizontal best
cap_000092,2026-08-21T15:55:17.730,horizontal,22.23,24.73,2,0,0.0,TempBand+Watershed+Merge+ClustSml+ShapeGate+MinPeaks+P-Filter+EquipRej+SkinPrio+Omega+OmScale+OmSplit+OmRot+GradFarF+Kalman+StaticSup,horizontal best
cap_000093,2026-08-21T15:55:17.860,horizontal,22.23,24.73,2,0,0.0,TempBand+Watershed+Merge+ClustSml+ShapeGate+MinPeaks+P-Filter+EquipRej+SkinPrio+Omega+OmScale+OmSplit+OmRot+GradFarF+Kalman+StaticSup,horizontal best
cap_000094,2026-08-21T15:55:17.955,horizontal,22.23,24.73,2,0,0.0,TempBand+Watershed+Merge+ClustSml+ShapeGate+MinPeaks+P-Filter+EquipRej+SkinPrio+Omega+OmScale+OmSplit+OmRot+GradFarF+Kalman+StaticSup,horizontal best
cap_000095,2026-08-21T15:55:18.086,horizontal,22.23,24.73,2,0,0.0,TempBand+Watershed+Merge+ClustSml+ShapeGate+MinPeaks+P-Filter+EquipRej+SkinPrio+Omega+OmScale+OmSplit+OmRot+GradFarF+Kalman+StaticSup,horizontal best
cap_000096,2026-08-21T15:55:18.186,horizontal,22.23,24.73,2,0,0.0,TempBand+Watershed+Merge+ClustSml+ShapeGate+MinPeaks+P-Filter+EquipRej+SkinPrio+Omega+OmScale+OmSplit+OmRot+GradFarF+Kalman+StaticSup,horizontal best
cap_000097,2026-08-21T15:55:18.313,horizontal,22.23,24.73,2,0,0.0,TempBand+Watershed+Merge+ClustSml+ShapeGate+MinPeaks+P-Filter+EquipRej+SkinPrio+Omega+OmScale+OmSplit+OmRot+GradFarF+Kalman+StaticSup,horizontal best
cap_000098,2026-08-21T15:55:18.438,horizontal,22.23,24.73,2,0,0.0,TempBand+Watershed+Merge+ClustSml+ShapeGate+MinPeaks+P-Filter+EquipRej+SkinPrio+Omega+OmScale+OmSplit+OmRot+GradFarF+Kalman+StaticSup,horizontal best
cap_000099,2026-08-21T15:55:18.530,horizontal,22.23,24.73,2,0,0.0,TempBand+Watershed+Merge+ClustSml+ShapeGate+MinPeaks+P-Filter+EquipRej+SkinPrio+Omega+OmScale+OmSplit+OmRot+GradFarF+Kalman+StaticSup,horizontal best
cap_000100,2026-08-21T15:55:18.660,horizontal,22.23,24.73,2,0,0.0,TempBand+Watershed+Merge+ClustSml+ShapeGate+MinPeaks+P-Filter+EquipRej+SkinPrio+Omega+OmScale+OmSplit+OmRot+GradFarF+Kalman+StaticSup,horizontal best
cap_000101,2026-08-21T15:55:18.753,horizontal,22.26,24.76,2,0,0.0,TempBand+Watershed+Merge+ClustSml+ShapeGate+MinPeaks+P-Filter+EquipRej+SkinPrio+Omega+OmScale+OmSplit+OmRot+GradFarF+Kalman+StaticSup,horizontal best
cap_000102,2026-08-21T15:55:18.887,horizontal,22.23,24.73,2,0,0.0,TempBand+Watershed+Merge+ClustSml+ShapeGate+MinPeaks+P-Filter+EquipRej+SkinPrio+Omega+OmScale+OmSplit+OmRot+GradFarF+Kalman+StaticSup,horizontal best
cap_000103,2026-08-21T15:55:18.979,horizontal,22.23,24.73,2,0,0.0,TempBand+Watershed+Merge+ClustSml+ShapeGate+MinPeaks+P-Filter+EquipRej+SkinPrio+Omega+OmScale+OmSplit+OmRot+GradFarF+Kalman+StaticSup,horizontal best
cap_000104,2026-08-21T15:55:19.107,horizontal,22.26,24.76,2,0,0.0,TempBand+Watershed+Merge+ClustSml+ShapeGate+MinPeaks+P-Filter+EquipRej+SkinPrio+Omega+OmScale+OmSplit+OmRot+GradFarF+Kalman+StaticSup,horizontal best
cap_000105,2026-08-21T15:55:19.244,horizontal,22.26,24.76,2,0,0.0,TempBand+Watershed+Merge+ClustSml+ShapeGate+MinPeaks+P-Filter+EquipRej+SkinPrio+Omega+OmScale+OmSplit+OmRot+GradFarF+Kalman+StaticSup,horizontal best
cap_000106,2026-08-21T15:55:19.331,horizontal,22.26,24.76,2,0,0.0,TempBand+Watershed+Merge+ClustSml+ShapeGate+MinPeaks+P-Filter+EquipRej+SkinPrio+Omega+OmScale+OmSplit+OmRot+GradFarF+Kalman+StaticSup,horizontal best
cap_000107,2026-08-21T15:55:19.460,horizontal,22.23,24.73,2,0,0.0,TempBand+Watershed+Merge+ClustSml+ShapeGate+MinPeaks+P-Filter+EquipRej+SkinPrio+Omega+OmScale+OmSplit+OmRot+GradFarF+Kalman+StaticSup,horizontal best
cap_000108,2026-08-21T15:55:19.551,horizontal,22.23,24.73,2,0,0.0,TempBand+Watershed+Merge+ClustSml+ShapeGate+MinPeaks+P-Filter+EquipRej+SkinPrio+Omega+OmScale+OmSplit+OmRot+GradFarF+Kalman+StaticSup,horizontal best
cap_000109,2026-08-21T15:55:19.682,horizontal,22.23,24.73,2,0,0.0,TempBand+Watershed+Merge+ClustSml+ShapeGate+MinPeaks+P-Filter+EquipRej+SkinPrio+Omega+OmScale+OmSplit+OmRot+GradFarF+Kalman+StaticSup,horizontal best
cap_000110,2026-08-21T15:55:19.780,horizontal,22.21,24.71,2,0,0.0,TempBand+Watershed+Merge+ClustSml+ShapeGate+MinPeaks+P-Filter+EquipRej+SkinPrio+Omega+OmScale+OmSplit+OmRot+GradFarF+Kalman+StaticSup,horizontal best
cap_000111,2026-08-21T15:55:19.912,horizontal,22.21,24.71,2,0,0.0,TempBand+Watershed+Merge+ClustSml+ShapeGate+MinPeaks+P-Filter+EquipRej+SkinPrio+Omega+OmScale+OmSplit+OmRot+GradFarF+Kalman+StaticSup,horizontal best
cap_000112,2026-08-21T15:55:20.001,horizontal,22.21,24.71,2,0,0.0,TempBand+Watershed+Merge+ClustSml+ShapeGate+MinPeaks+P-Filter+EquipRej+SkinPrio+Omega+OmScale+OmSplit+OmRot+GradFarF+Kalman+StaticSup,horizontal best
cap_000113,2026-08-21T15:55:20.135,horizontal,22.18,24.68,2,0,0.0,TempBand+Watershed+Merge+ClustSml+ShapeGate+MinPeaks+P-Filter+EquipRej+SkinPrio+Omega+OmScale+OmSplit+OmRot+GradFarF+Kalman+StaticSup,horizontal best
cap_000114,2026-08-21T15:55:20.257,horizontal,22.18,24.68,2,0,0.0,TempBand+Watershed+Merge+ClustSml+ShapeGate+MinPeaks+P-Filter+EquipRej+SkinPrio+Omega+OmScale+OmSplit+OmRot+GradFarF+Kalman+StaticSup,horizontal best
cap_000115,2026-08-21T15:55:20.356,horizontal,22.16,24.66,2,0,0.0,TempBand+Watershed+Merge+ClustSml+ShapeGate+MinPeaks+P-Filter+EquipRej+SkinPrio+Omega+OmScale+OmSplit+OmRot+GradFarF+Kalman+StaticSup,horizontal best
cap_000116,2026-08-21T15:55:20.487,horizontal,22.16,24.66,2,0,0.0,TempBand+Watershed+Merge+ClustSml+ShapeGate+MinPeaks+P-Filter+EquipRej+SkinPrio+Omega+OmScale+OmSplit+OmRot+GradFarF+Kalman+StaticSup,horizontal best
cap_000117,2026-08-21T15:55:20.580,horizontal,22.16,24.66,2,0,0.0,TempBand+Watershed+Merge+ClustSml+ShapeGate+MinPeaks+P-Filter+EquipRej+SkinPrio+Omega+OmScale+OmSplit+OmRot+GradFarF+Kalman+StaticSup,horizontal best
cap_000118,2026-08-21T15:55:20.703,horizontal,22.16,24.66,2,0,0.0,TempBand+Watershed+Merge+ClustSml+ShapeGate+MinPeaks+P-Filter+EquipRej+SkinPrio+Omega+OmScale+OmSplit+OmRot+GradFarF+Kalman+StaticSup,horizontal best
cap_000119,2026-08-21T15:55:20.799,horizontal,22.16,24.66,2,0,0.0,TempBand+Watershed+Merge+ClustSml+ShapeGate+MinPeaks+P-Filter+EquipRej+SkinPrio+Omega+OmScale+OmSplit+OmRot+GradFarF+Kalman+StaticSup,horizontal best
cap_000120,2026-08-21T15:55:20.927,horizontal,22.18,24.68,2,0,0.0,TempBand+Watershed+Merge+ClustSml+ShapeGate+MinPeaks+P-Filter+EquipRej+SkinPrio+Omega+OmScale+OmSplit+OmRot+GradFarF+Kalman+StaticSup,horizontal best
cap_000121,2026-08-21T15:55:21.059,horizontal,22.18,24.68,2,0,0.0,TempBand+Watershed+Merge+ClustSml+ShapeGate+MinPeaks+P-Filter+EquipRej+SkinPrio+Omega+OmScale+OmSplit+OmRot+GradFarF+Kalman+StaticSup,horizontal best
cap_000122,2026-08-21T15:55:21.152,horizontal,22.18,24.68,2,0,0.0,TempBand+Watershed+Merge+ClustSml+ShapeGate+MinPeaks+P-Filter+EquipRej+SkinPrio+Omega+OmScale+OmSplit+OmRot+GradFarF+Kalman+StaticSup,horizontal best
cap_000123,2026-08-21T15:55:21.285,horizontal,22.18,24.68,2,0,0.0,TempBand+Watershed+Merge+ClustSml+ShapeGate+MinPeaks+P-Filter+EquipRej+SkinPrio+Omega+OmScale+OmSplit+OmRot+GradFarF+Kalman+StaticSup,horizontal best
cap_000124,2026-08-21T15:55:21.379,horizontal,22.21,24.71,2,0,0.0,TempBand+Watershed+Merge+ClustSml+ShapeGate+MinPeaks+P-Filter+EquipRej+SkinPrio+Omega+OmScale+OmSplit+OmRot+GradFarF+Kalman+StaticSup,horizontal best
cap_000125,2026-08-21T15:55:21.504,horizontal,22.26,24.76,2,0,0.0,TempBand+Watershed+Merge+ClustSml+ShapeGate+MinPeaks+P-Filter+EquipRej+SkinPrio+Omega+OmScale+OmSplit+OmRot+GradFarF+Kalman+StaticSup,horizontal best
cap_000126,2026-08-21T15:55:21.601,horizontal,22.26,24.76,2,0,0.0,TempBand+Watershed+Merge+ClustSml+ShapeGate+MinPeaks+P-Filter+EquipRej+SkinPrio+Omega+OmScale+OmSplit+OmRot+GradFarF+Kalman+StaticSup,horizontal best
cap_000127,2026-08-21T15:55:21.730,horizontal,22.26,24.76,2,0,0.0,TempBand+Watershed+Merge+ClustSml+ShapeGate+MinPeaks+P-Filter+EquipRej+SkinPrio+Omega+OmScale+OmSplit+OmRot+GradFarF+Kalman+StaticSup,horizontal best
cap_000128,2026-08-21T15:55:21.831,horizontal,22.26,24.76,2,0,0.0,TempBand+Watershed+Merge+ClustSml+ShapeGate+MinPeaks+P-Filter+EquipRej+SkinPrio+Omega+OmScale+OmSplit+OmRot+GradFarF+Kalman+StaticSup,horizontal best
cap_000129,2026-08-21T15:55:21.959,horizontal,22.23,24.73,2,0,0.0,TempBand+Watershed+Merge+ClustSml+ShapeGate+MinPeaks+P-Filter+EquipRej+SkinPrio+Omega+OmScale+OmSplit+OmRot+GradFarF+Kalman+StaticSup,horizontal best
cap_000130,2026-08-21T15:55:22.089,horizontal,22.21,24.71,2,0,0.0,TempBand+Watershed+Merge+ClustSml+ShapeGate+MinPeaks+P-Filter+EquipRej+SkinPrio+Omega+OmScale+OmSplit+OmRot+GradFarF+Kalman+StaticSup,horizontal best
cap_000131,2026-08-21T15:55:22.179,horizontal,22.21,24.71,2,0,0.0,TempBand+Watershed+Merge+ClustSml+ShapeGate+MinPeaks+P-Filter+EquipRej+SkinPrio+Omega+OmScale+OmSplit+OmRot+GradFarF+Kalman+StaticSup,horizontal best
cap_000132,2026-08-21T15:55:22.310,horizontal,22.21,24.71,2,0,0.0,TempBand+Watershed+Merge+ClustSml+ShapeGate+MinPeaks+P-Filter+EquipRej+SkinPrio+Omega+OmScale+OmSplit+OmRot+GradFarF+Kalman+StaticSup,horizontal best
cap_000133,2026-08-21T15:55:22.401,horizontal,22.21,24.71,2,0,0.0,TempBand+Watershed+Merge+ClustSml+ShapeGate+MinPeaks+P-Filter+EquipRej+SkinPrio+Omega+OmScale+OmSplit+OmRot+GradFarF+Kalman+StaticSup,horizontal best
cap_000134,2026-08-21T15:55:22.528,horizontal,22.26,24.76,2,0,0.0,TempBand+Watershed+Merge+ClustSml+ShapeGate+MinPeaks+P-Filter+EquipRej+SkinPrio+Omega+OmScale+OmSplit+OmRot+GradFarF+Kalman+StaticSup,horizontal best
cap_000135,2026-08-21T15:55:22.625,horizontal,22.23,24.73,2,0,0.0,TempBand+Watershed+Merge+ClustSml+ShapeGate+MinPeaks+P-Filter+EquipRej+SkinPrio+Omega+OmScale+OmSplit+OmRot+GradFarF+Kalman+StaticSup,horizontal best
cap_000136,2026-08-21T15:55:22.754,horizontal,22.23,24.73,2,0,0.0,TempBand+Watershed+Merge+ClustSml+ShapeGate+MinPeaks+P-Filter+EquipRej+SkinPrio+Omega+OmScale+OmSplit+OmRot+GradFarF+Kalman+StaticSup,horizontal best
cap_000137,2026-08-21T15:55:22.850,horizontal,22.18,24.68,2,0,0.0,TempBand+Watershed+Merge+ClustSml+ShapeGate+MinPeaks+P-Filter+EquipRej+SkinPrio+Omega+OmScale+OmSplit+OmRot+GradFarF+Kalman+StaticSup,horizontal best
cap_000138,2026-08-21T15:55:22.983,horizontal,22.18,24.68,2,0,0.0,TempBand+Watershed+Merge+ClustSml+ShapeGate+MinPeaks+P-Filter+EquipRej+SkinPrio+Omega+OmScale+OmSplit+OmRot+GradFarF+Kalman+StaticSup,horizontal best
cap_000139,2026-08-21T15:55:23.110,horizontal,22.16,24.66,2,0,0.0,TempBand+Watershed+Merge+ClustSml+ShapeGate+MinPeaks+P-Filter+EquipRej+SkinPrio+Omega+OmScale+OmSplit+OmRot+GradFarF+Kalman+StaticSup,horizontal best
cap_000140,2026-08-21T15:55:23.203,horizontal,22.18,24.68,2,0,0.0,TempBand+Watershed+Merge+ClustSml+ShapeGate+MinPeaks+P-Filter+EquipRej+SkinPrio+Omega+OmScale+OmSplit+OmRot+GradFarF+Kalman+StaticSup,horizontal best
cap_000141,2026-08-21T15:55:23.332,horizontal,22.16,24.66,2,0,0.0,TempBand+Watershed+Merge+ClustSml+ShapeGate+MinPeaks+P-Filter+EquipRej+SkinPrio+Omega+OmScale+OmSplit+OmRot+GradFarF+Kalman+StaticSup,horizontal best
cap_000142,2026-08-21T15:55:23.426,horizontal,22.16,24.66,2,0,0.0,TempBand+Watershed+Merge+ClustSml+ShapeGate+MinPeaks+P-Filter+EquipRej+SkinPrio+Omega+OmScale+OmSplit+OmRot+GradFarF+Kalman+StaticSup,horizontal best
cap_000143,2026-08-21T15:55:23.557,horizontal,22.16,24.66,2,0,0.0,TempBand+Watershed+Merge+ClustSml+ShapeGate+MinPeaks+P-Filter+EquipRej+SkinPrio+Omega+OmScale+OmSplit+OmRot+GradFarF+Kalman+StaticSup,horizontal best
cap_000144,2026-08-21T15:55:23.648,horizontal,22.16,24.66,2,1,0.10542489031185841,TempBand+Watershed+Merge+ClustSml+ShapeGate+MinPeaks+P-Filter+EquipRej+SkinPrio+Omega+OmScale+OmSplit+OmRot+GradFarF+Kalman+StaticSup,horizontal best
cap_000145,2026-08-21T15:55:23.781,horizontal,22.14,24.64,2,0,0.0,TempBand+Watershed+Merge+ClustSml+ShapeGate+MinPeaks+P-Filter+EquipRej+SkinPrio+Omega+OmScale+OmSplit+OmRot+GradFarF+Kalman+StaticSup,horizontal best
cap_000146,2026-08-21T15:55:23.909,horizontal,22.14,24.64,2,0,0.0,TempBand+Watershed+Merge+ClustSml+ShapeGate+MinPeaks+P-Filter+EquipRej+SkinPrio+Omega+OmScale+OmSplit+OmRot+GradFarF+Kalman+StaticSup,horizontal best
cap_000147,2026-08-21T15:55:24.005,horizontal,22.11,24.61,2,0,0.0,TempBand+Watershed+Merge+ClustSml+ShapeGate+MinPeaks+P-Filter+EquipRej+SkinPrio+Omega+OmScale+OmSplit+OmRot+GradFarF+Kalman+StaticSup,horizontal best
cap_000148,2026-08-21T15:55:24.132,horizontal,22.11,24.61,2,0,0.0,TempBand+Watershed+Merge+ClustSml+ShapeGate+MinPeaks+P-Filter+EquipRej+SkinPrio+Omega+OmScale+OmSplit+OmRot+GradFarF+Kalman+StaticSup,horizontal best
cap_000149,2026-08-21T15:55:24.233,horizontal,22.11,24.61,2,0,0.0,TempBand+Watershed+Merge+ClustSml+ShapeGate+MinPeaks+P-Filter+EquipRej+SkinPrio+Omega+OmScale+OmSplit+OmRot+GradFarF+Kalman+StaticSup,horizontal best
cap_000150,2026-08-21T15:55:24.355,horizontal,22.11,24.61,2,0,0.0,TempBand+Watershed+Merge+ClustSml+ShapeGate+MinPeaks+P-Filter+EquipRej+SkinPrio+Omega+OmScale+OmSplit+OmRot+GradFarF+Kalman+StaticSup,horizontal best
cap_000151,2026-08-21T15:55:24.450,horizontal,22.11,24.61,2,0,0.0,TempBand+Watershed+Merge+ClustSml+ShapeGate+MinPeaks+P-Filter+EquipRej+SkinPrio+Omega+OmScale+OmSplit+OmRot+GradFarF+Kalman+StaticSup,horizontal best
cap_000152,2026-08-21T15:55:24.580,horizontal,22.11,24.61,2,0,0.0,TempBand+Watershed+Merge+ClustSml+ShapeGate+MinPeaks+P-Filter+EquipRej+SkinPrio+Omega+OmScale+OmSplit+OmRot+GradFarF+Kalman+StaticSup,horizontal best
cap_000153,2026-08-21T15:55:24.678,horizontal,22.14,24.64,2,0,0.0,TempBand+Watershed+Merge+ClustSml+ShapeGate+MinPeaks+P-Filter+EquipRej+SkinPrio+Omega+OmScale+OmSplit+OmRot+GradFarF+Kalman+StaticSup,horizontal best
cap_000154,2026-08-21T15:55:24.809,horizontal,22.16,24.66,2,0,0.0,TempBand+Watershed+Merge+ClustSml+ShapeGate+MinPeaks+P-Filter+EquipRej+SkinPrio+Omega+OmScale+OmSplit+OmRot+GradFarF+Kalman+StaticSup,horizontal best
cap_000155,2026-08-21T15:55:24.935,horizontal,22.14,24.64,2,0,0.0,TempBand+Watershed+Merge+ClustSml+ShapeGate+MinPeaks+P-Filter+EquipRej+SkinPrio+Omega+OmScale+OmSplit+OmRot+GradFarF+Kalman+StaticSup,horizontal best
cap_000156,2026-08-21T15:55:25.024,horizontal,22.14,24.64,2,0,0.0,TempBand+Watershed+Merge+ClustSml+ShapeGate+MinPeaks+P-Filter+EquipRej+SkinPrio+Omega+OmScale+OmSplit+OmRot+GradFarF+Kalman+StaticSup,horizontal best
cap_000157,2026-08-21T15:55:25.227,horizontal,22.16,24.66,2,0,0.0,TempBand+Watershed+Merge+ClustSml+ShapeGate+MinPeaks+P-Filter+EquipRej+SkinPrio+Omega+OmScale+OmSplit+OmRot+GradFarF+Kalman+StaticSup,horizontal best
cap_000158,2026-08-21T15:55:25.276,horizontal,22.16,24.66,2,0,0.0,TempBand+Watershed+Merge+ClustSml+ShapeGate+MinPeaks+P-Filter+EquipRej+SkinPrio+Omega+OmScale+OmSplit+OmRot+GradFarF+Kalman+StaticSup,horizontal best
cap_000159,2026-08-21T15:55:25.377,horizontal,22.14,24.64,2,0,0.0,TempBand+Watershed+Merge+ClustSml+ShapeGate+MinPeaks+P-Filter+EquipRej+SkinPrio+Omega+OmScale+OmSplit+OmRot+GradFarF+Kalman+StaticSup,horizontal best
cap_000160,2026-08-21T15:55:25.472,horizontal,22.14,24.64,2,0,0.0,TempBand+Watershed+Merge+ClustSml+ShapeGate+MinPeaks+P-Filter+EquipRej+SkinPrio+Omega+OmScale+OmSplit+OmRot+GradFarF+Kalman+StaticSup,horizontal best
cap_000161,2026-08-21T15:55:25.613,horizontal,22.11,24.61,2,0,0.0,TempBand+Watershed+Merge+ClustSml+ShapeGate+MinPeaks+P-Filter+EquipRej+SkinPrio+Omega+OmScale+OmSplit+OmRot+GradFarF+Kalman+StaticSup,horizontal best
cap_000162,2026-08-21T15:55:25.737,horizontal,22.11,24.61,2,0,0.0,TempBand+Watershed+Merge+ClustSml+ShapeGate+MinPeaks+P-Filter+EquipRej+SkinPrio+Omega+OmScale+OmSplit+OmRot+GradFarF+Kalman+StaticSup,horizontal best
cap_000163,2026-08-21T15:55:25.834,horizontal,22.11,24.61,2,0,0.0,TempBand+Watershed+Merge+ClustSml+ShapeGate+MinPeaks+P-Filter+EquipRej+SkinPrio+Omega+OmScale+OmSplit+OmRot+GradFarF+Kalman+StaticSup,horizontal best
cap_000164,2026-08-21T15:55:25.947,horizontal,22.11,24.61,2,0,0.0,TempBand+Watershed+Merge+ClustSml+ShapeGate+MinPeaks+P-Filter+EquipRej+SkinPrio+Omega+OmScale+OmSplit+OmRot+GradFarF+Kalman+StaticSup,horizontal best
cap_000165,2026-08-21T15:55:26.045,horizontal,22.09,24.59,2,0,0.0,TempBand+Watershed+Merge+ClustSml+ShapeGate+MinPeaks+P-Filter+EquipRej+SkinPrio+Omega+OmScale+OmSplit+OmRot+GradFarF+Kalman+StaticSup,horizontal best
cap_000166,2026-08-21T15:55:26.176,horizontal,22.09,24.59,2,0,0.0,TempBand+Watershed+Merge+ClustSml+ShapeGate+MinPeaks+P-Filter+EquipRej+SkinPrio+Omega+OmScale+OmSplit+OmRot+GradFarF+Kalman+StaticSup,horizontal best
cap_000167,2026-08-21T15:55:26.272,horizontal,22.06,24.56,2,0,0.0,TempBand+Watershed+Merge+ClustSml+ShapeGate+MinPeaks+P-Filter+EquipRej+SkinPrio+Omega+OmScale+OmSplit+OmRot+GradFarF+Kalman+StaticSup,horizontal best
cap_000168,2026-08-21T15:55:26.401,horizontal,22.04,24.54,2,0,0.0,TempBand+Watershed+Merge+ClustSml+ShapeGate+MinPeaks+P-Filter+EquipRej+SkinPrio+Omega+OmScale+OmSplit+OmRot+GradFarF+Kalman+StaticSup,horizontal best
cap_000169,2026-08-21T15:55:26.499,horizontal,22.02,24.52,2,0,0.0,TempBand+Watershed+Merge+ClustSml+ShapeGate+MinPeaks+P-Filter+EquipRej+SkinPrio+Omega+OmScale+OmSplit+OmRot+GradFarF+Kalman+StaticSup,horizontal best
cap_000170,2026-08-21T15:55:26.626,horizontal,22.02,24.52,2,0,0.0,TempBand+Watershed+Merge+ClustSml+ShapeGate+MinPeaks+P-Filter+EquipRej+SkinPrio+Omega+OmScale+OmSplit+OmRot+GradFarF+Kalman+StaticSup,horizontal best
cap_000171,2026-08-21T15:55:26.754,horizontal,22.02,24.52,2,0,0.0,TempBand+Watershed+Merge+ClustSml+ShapeGate+MinPeaks+P-Filter+EquipRej+SkinPrio+Omega+OmScale+OmSplit+OmRot+GradFarF+Kalman+StaticSup,horizontal best
cap_000172,2026-08-21T15:55:26.851,horizontal,22.02,24.52,2,0,0.0,TempBand+Watershed+Merge+ClustSml+ShapeGate+MinPeaks+P-Filter+EquipRej+SkinPrio+Omega+OmScale+OmSplit+OmRot+GradFarF+Kalman+StaticSup,horizontal best
cap_000173,2026-08-21T15:55:26.980,horizontal,22.02,24.52,2,0,0.0,TempBand+Watershed+Merge+ClustSml+ShapeGate+MinPeaks+P-Filter+EquipRej+SkinPrio+Omega+OmScale+OmSplit+OmRot+GradFarF+Kalman+StaticSup,horizontal best
cap_000174,2026-08-21T15:55:27.074,horizontal,22.02,24.52,2,0,0.0,TempBand+Watershed+Merge+ClustSml+ShapeGate+MinPeaks+P-Filter+EquipRej+SkinPrio+Omega+OmScale+OmSplit+OmRot+GradFarF+Kalman+StaticSup,horizontal best
cap_000175,2026-08-21T15:55:27.201,horizontal,22.02,24.52,2,0,0.0,TempBand+Watershed+Merge+ClustSml+ShapeGate+MinPeaks+P-Filter+EquipRej+SkinPrio+Omega+OmScale+OmSplit+OmRot+GradFarF+Kalman+StaticSup,horizontal best
cap_000176,2026-08-21T15:55:27.304,horizontal,22.02,24.52,2,0,0.0,TempBand+Watershed+Merge+ClustSml+ShapeGate+MinPeaks+P-Filter+EquipRej+SkinPrio+Omega+OmScale+OmSplit+OmRot+GradFarF+Kalman+StaticSup,horizontal best
cap_000177,2026-08-21T15:55:27.425,horizontal,22.02,24.52,2,0,0.0,TempBand+Watershed+Merge+ClustSml+ShapeGate+MinPeaks+P-Filter+EquipRej+SkinPrio+Omega+OmScale+OmSplit+OmRot+GradFarF+Kalman+StaticSup,horizontal best
cap_000178,2026-08-21T15:55:27.553,horizontal,22.02,24.52,2,0,0.0,TempBand+Watershed+Merge+ClustSml+ShapeGate+MinPeaks+P-Filter+EquipRej+SkinPrio+Omega+OmScale+OmSplit+OmRot+GradFarF+Kalman+StaticSup,horizontal best
cap_000179,2026-08-21T15:55:27.651,horizontal,22.02,24.52,2,0,0.0,TempBand+Watershed+Merge+ClustSml+ShapeGate+MinPeaks+P-Filter+EquipRej+SkinPrio+Omega+OmScale+OmSplit+OmRot+GradFarF+Kalman+StaticSup,horizontal best
cap_000180,2026-08-21T15:55:27.786,horizontal,22.02,24.52,2,0,0.0,TempBand+Watershed+Merge+ClustSml+ShapeGate+MinPeaks+P-Filter+EquipRej+SkinPrio+Omega+OmScale+OmSplit+OmRot+GradFarF+Kalman+StaticSup,horizontal best
cap_000181,2026-08-21T15:55:27.874,horizontal,22.02,24.52,2,0,0.0,TempBand+Watershed+Merge+ClustSml+ShapeGate+MinPeaks+P-Filter+EquipRej+SkinPrio+Omega+OmScale+OmSplit+OmRot+GradFarF+Kalman+StaticSup,horizontal best
cap_000182,2026-08-21T15:55:28.002,horizontal,22.02,24.52,2,0,0.0,TempBand+Watershed+Merge+ClustSml+ShapeGate+MinPeaks+P-Filter+EquipRej+SkinPrio+Omega+OmScale+OmSplit+OmRot+GradFarF+Kalman+StaticSup,horizontal best
cap_000183,2026-08-21T15:55:28.097,horizontal,22.02,24.52,2,0,0.0,TempBand+Watershed+Merge+ClustSml+ShapeGate+MinPeaks+P-Filter+EquipRej+SkinPrio+Omega+OmScale+OmSplit+OmRot+GradFarF+Kalman+StaticSup,horizontal best
cap_000184,2026-08-21T15:55:28.224,horizontal,22.02,24.52,2,0,0.0,TempBand+Watershed+Merge+ClustSml+ShapeGate+MinPeaks+P-Filter+EquipRej+SkinPrio+Omega+OmScale+OmSplit+OmRot+GradFarF+Kalman+StaticSup,horizontal best
cap_000185,2026-08-21T15:55:28.317,horizontal,22.02,24.52,2,0,0.0,TempBand+Watershed+Merge+ClustSml+ShapeGate+MinPeaks+P-Filter+EquipRej+SkinPrio+Omega+OmScale+OmSplit+OmRot+GradFarF+Kalman+StaticSup,horizontal best
cap_000186,2026-08-21T15:55:28.443,horizontal,21.99,24.49,2,0,0.0,TempBand+Watershed+Merge+ClustSml+ShapeGate+MinPeaks+P-Filter+EquipRej+SkinPrio+Omega+OmScale+OmSplit+OmRot+GradFarF+Kalman+StaticSup,horizontal best
cap_000187,2026-08-21T15:55:28.577,horizontal,21.99,24.49,2,0,0.0,TempBand+Watershed+Merge+ClustSml+ShapeGate+MinPeaks+P-Filter+EquipRej+SkinPrio+Omega+OmScale+OmSplit+OmRot+GradFarF+Kalman+StaticSup,horizontal best
cap_000188,2026-08-21T15:55:28.671,horizontal,21.97,24.47,2,0,0.0,TempBand+Watershed+Merge+ClustSml+ShapeGate+MinPeaks+P-Filter+EquipRej+SkinPrio+Omega+OmScale+OmSplit+OmRot+GradFarF+Kalman+StaticSup,horizontal best
cap_000189,2026-08-21T15:55:28.810,horizontal,21.97,24.47,2,0,0.0,TempBand+Watershed+Merge+ClustSml+ShapeGate+MinPeaks+P-Filter+EquipRej+SkinPrio+Omega+OmScale+OmSplit+OmRot+GradFarF+Kalman+StaticSup,horizontal best
cap_000190,2026-08-21T15:55:28.903,horizontal,21.94,24.44,2,0,0.0,TempBand+Watershed+Merge+ClustSml+ShapeGate+MinPeaks+P-Filter+EquipRej+SkinPrio+Omega+OmScale+OmSplit+OmRot+GradFarF+Kalman+StaticSup,horizontal best
cap_000191,2026-08-21T15:55:29.023,horizontal,21.94,24.44,2,0,0.0,TempBand+Watershed+Merge+ClustSml+ShapeGate+MinPeaks+P-Filter+EquipRej+SkinPrio+Omega+OmScale+OmSplit+OmRot+GradFarF+Kalman+StaticSup,horizontal best
cap_000192,2026-08-21T15:55:29.122,horizontal,21.94,24.44,2,0,0.0,TempBand+Watershed+Merge+ClustSml+ShapeGate+MinPeaks+P-Filter+EquipRej+SkinPrio+Omega+OmScale+OmSplit+OmRot+GradFarF+Kalman+StaticSup,horizontal best
cap_000193,2026-08-21T15:55:29.254,horizontal,21.94,24.44,2,0,0.0,TempBand+Watershed+Merge+ClustSml+ShapeGate+MinPeaks+P-Filter+EquipRej+SkinPrio+Omega+OmScale+OmSplit+OmRot+GradFarF+Kalman+StaticSup,horizontal best
cap_000194,2026-08-21T15:55:29.342,horizontal,21.97,24.47,2,0,0.0,TempBand+Watershed+Merge+ClustSml+ShapeGate+MinPeaks+P-Filter+EquipRej+SkinPrio+Omega+OmScale+OmSplit+OmRot+GradFarF+Kalman+StaticSup,horizontal best
cap_000195,2026-08-21T15:55:29.472,horizontal,21.97,24.47,2,0,0.0,TempBand+Watershed+Merge+ClustSml+ShapeGate+MinPeaks+P-Filter+EquipRej+SkinPrio+Omega+OmScale+OmSplit+OmRot+GradFarF+Kalman+StaticSup,horizontal best
cap_000196,2026-08-21T15:55:29.611,horizontal,21.97,24.47,2,0,0.0,TempBand+Watershed+Merge+ClustSml+ShapeGate+MinPeaks+P-Filter+EquipRej+SkinPrio+Omega+OmScale+OmSplit+OmRot+GradFarF+Kalman+StaticSup,horizontal best
cap_000197,2026-08-21T15:55:29.700,horizontal,21.97,24.47,2,0,0.0,TempBand+Watershed+Merge+ClustSml+ShapeGate+MinPeaks+P-Filter+EquipRej+SkinPrio+Omega+OmScale+OmSplit+OmRot+GradFarF+Kalman+StaticSup,horizontal best
cap_000198,2026-08-21T15:55:29.826,horizontal,21.97,24.47,2,0,0.0,TempBand+Watershed+Merge+ClustSml+ShapeGate+MinPeaks+P-Filter+EquipRej+SkinPrio+Omega+OmScale+OmSplit+OmRot+GradFarF+Kalman+StaticSup,horizontal best
cap_000199,2026-08-21T15:55:29.920,horizontal,21.97,24.47,2,0,0.0,TempBand+Watershed+Merge+ClustSml+ShapeGate+MinPeaks+P-Filter+EquipRej+SkinPrio+Omega+OmScale+OmSplit+OmRot+GradFarF+Kalman+StaticSup,horizontal best
cap_000200,2026-08-21T15:55:30.073,horizontal,21.97,24.47,2,0,0.0,TempBand+Watershed+Merge+ClustSml+ShapeGate+MinPeaks+P-Filter+EquipRej+SkinPrio+Omega+OmScale+OmSplit+OmRot+GradFarF+Kalman+StaticSup,horizontal best
cap_000201,2026-08-21T15:55:30.158,horizontal,21.94,24.44,2,0,0.0,TempBand+Watershed+Merge+ClustSml+ShapeGate+MinPeaks+P-Filter+EquipRej+SkinPrio+Omega+OmScale+OmSplit+OmRot+GradFarF+Kalman+StaticSup,horizontal best
cap_000202,2026-08-21T15:55:30.282,horizontal,21.94,24.44,2,0,0.0,TempBand+Watershed+Merge+ClustSml+ShapeGate+MinPeaks+P-Filter+EquipRej+SkinPrio+Omega+OmScale+OmSplit+OmRot+GradFarF+Kalman+StaticSup,horizontal best
cap_000203,2026-08-21T15:55:30.404,horizontal,21.94,24.44,2,0,0.0,TempBand+Watershed+Merge+ClustSml+ShapeGate+MinPeaks+P-Filter+EquipRej+SkinPrio+Omega+OmScale+OmSplit+OmRot+GradFarF+Kalman+StaticSup,horizontal best
cap_000204,2026-08-21T15:55:30.502,horizontal,21.94,24.44,2,0,0.0,TempBand+Watershed+Merge+ClustSml+ShapeGate+MinPeaks+P-Filter+EquipRej+SkinPrio+Omega+OmScale+OmSplit+OmRot+GradFarF+Kalman+StaticSup,horizontal best
cap_000205,2026-08-21T15:55:30.623,horizontal,21.94,24.44,2,0,0.0,TempBand+Watershed+Merge+ClustSml+ShapeGate+MinPeaks+P-Filter+EquipRej+SkinPrio+Omega+OmScale+OmSplit+OmRot+GradFarF+Kalman+StaticSup,horizontal best
cap_000206,2026-08-21T15:55:30.722,horizontal,21.94,24.44,2,0,0.0,TempBand+Watershed+Merge+ClustSml+ShapeGate+MinPeaks+P-Filter+EquipRej+SkinPrio+Omega+OmScale+OmSplit+OmRot+GradFarF+Kalman+StaticSup,horizontal best
cap_000207,2026-08-21T15:55:30.851,horizontal,21.94,24.44,2,0,0.0,TempBand+Watershed+Merge+ClustSml+ShapeGate+MinPeaks+P-Filter+EquipRej+SkinPrio+Omega+OmScale+OmSplit+OmRot+GradFarF+Kalman+StaticSup,horizontal best
cap_000208,2026-08-21T15:55:30.943,horizontal,21.94,24.44,1,0,0.0,TempBand+Watershed+Merge+ClustSml+ShapeGate+MinPeaks+P-Filter+EquipRej+SkinPrio+Omega+OmScale+OmSplit+OmRot+GradFarF+Kalman+StaticSup,horizontal best
cap_000209,2026-08-21T15:55:31.074,horizontal,21.94,24.44,2,0,0.0,TempBand+Watershed+Merge+ClustSml+ShapeGate+MinPeaks+P-Filter+EquipRej+SkinPrio+Omega+OmScale+OmSplit+OmRot+GradFarF+Kalman+StaticSup,horizontal best
cap_000210,2026-08-21T15:55:31.169,horizontal,21.97,24.47,1,0,0.0,TempBand+Watershed+Merge+ClustSml+ShapeGate+MinPeaks+P-Filter+EquipRej+SkinPrio+Omega+OmScale+OmSplit+OmRot+GradFarF+Kalman+StaticSup,horizontal best
cap_000211,2026-08-21T15:55:31.297,horizontal,21.97,24.47,1,0,0.0,TempBand+Watershed+Merge+ClustSml+ShapeGate+MinPeaks+P-Filter+EquipRej+SkinPrio+Omega+OmScale+OmSplit+OmRot+GradFarF+Kalman+StaticSup,horizontal best
cap_000212,2026-08-21T15:55:31.422,horizontal,21.97,24.47,1,0,0.0,TempBand+Watershed+Merge+ClustSml+ShapeGate+MinPeaks+P-Filter+EquipRej+SkinPrio+Omega+OmScale+OmSplit+OmRot+GradFarF+Kalman+StaticSup,horizontal best
cap_000213,2026-08-21T15:55:31.518,horizontal,21.97,24.47,1,0,0.0,TempBand+Watershed+Merge+ClustSml+ShapeGate+MinPeaks+P-Filter+EquipRej+SkinPrio+Omega+OmScale+OmSplit+OmRot+GradFarF+Kalman+StaticSup,horizontal best
cap_000214,2026-08-21T15:55:31.648,horizontal,21.99,24.49,1,0,0.0,TempBand+Watershed+Merge+ClustSml+ShapeGate+MinPeaks+P-Filter+EquipRej+SkinPrio+Omega+OmScale+OmSplit+OmRot+GradFarF+Kalman+StaticSup,horizontal best
cap_000215,2026-08-21T15:55:31.743,horizontal,21.99,24.49,1,0,0.0,TempBand+Watershed+Merge+ClustSml+ShapeGate+MinPeaks+P-Filter+EquipRej+SkinPrio+Omega+OmScale+OmSplit+OmRot+GradFarF+Kalman+StaticSup,horizontal best
cap_000216,2026-08-21T15:55:31.874,horizontal,21.97,24.47,2,0,0.0,TempBand+Watershed+Merge+ClustSml+ShapeGate+MinPeaks+P-Filter+EquipRej+SkinPrio+Omega+OmScale+OmSplit+OmRot+GradFarF+Kalman+StaticSup,horizontal best
cap_000217,2026-08-21T15:55:31.969,horizontal,21.97,24.47,1,0,0.0,TempBand+Watershed+Merge+ClustSml+ShapeGate+MinPeaks+P-Filter+EquipRej+SkinPrio+Omega+OmScale+OmSplit+OmRot+GradFarF+Kalman+StaticSup,horizontal best
cap_000218,2026-08-21T15:55:32.097,horizontal,21.97,24.47,1,0,0.0,TempBand+Watershed+Merge+ClustSml+ShapeGate+MinPeaks+P-Filter+EquipRej+SkinPrio+Omega+OmScale+OmSplit+OmRot+GradFarF+Kalman+StaticSup,horizontal best
cap_000219,2026-08-21T15:55:32.219,horizontal,21.97,24.47,1,0,0.0,TempBand+Watershed+Merge+ClustSml+ShapeGate+MinPeaks+P-Filter+EquipRej+SkinPrio+Omega+OmScale+OmSplit+OmRot+GradFarF+Kalman+StaticSup,horizontal best
cap_000220,2026-08-21T15:55:32.316,horizontal,21.97,24.47,1,0,0.0,TempBand+Watershed+Merge+ClustSml+ShapeGate+MinPeaks+P-Filter+EquipRej+SkinPrio+Omega+OmScale+OmSplit+OmRot+GradFarF+Kalman+StaticSup,horizontal best
cap_000221,2026-08-21T15:55:32.449,horizontal,21.97,24.47,1,0,0.0,TempBand+Watershed+Merge+ClustSml+ShapeGate+MinPeaks+P-Filter+EquipRej+SkinPrio+Omega+OmScale+OmSplit+OmRot+GradFarF+Kalman+StaticSup,horizontal best
cap_000222,2026-08-21T15:55:32.542,horizontal,21.94,24.44,1,0,0.0,TempBand+Watershed+Merge+ClustSml+ShapeGate+MinPeaks+P-Filter+EquipRej+SkinPrio+Omega+OmScale+OmSplit+OmRot+GradFarF+Kalman+StaticSup,horizontal best
cap_000223,2026-08-21T15:55:32.679,horizontal,21.94,24.44,1,0,0.0,TempBand+Watershed+Merge+ClustSml+ShapeGate+MinPeaks+P-Filter+EquipRej+SkinPrio+Omega+OmScale+OmSplit+OmRot+GradFarF+Kalman+StaticSup,horizontal best
cap_000224,2026-08-21T15:55:32.770,horizontal,21.92,24.42,1,0,0.0,TempBand+Watershed+Merge+ClustSml+ShapeGate+MinPeaks+P-Filter+EquipRej+SkinPrio+Omega+OmScale+OmSplit+OmRot+GradFarF+Kalman+StaticSup,horizontal best
cap_000225,2026-08-21T15:55:32.895,horizontal,21.92,24.42,1,0,0.0,TempBand+Watershed+Merge+ClustSml+ShapeGate+MinPeaks+P-Filter+EquipRej+SkinPrio+Omega+OmScale+OmSplit+OmRot+GradFarF+Kalman+StaticSup,horizontal best
cap_000226,2026-08-21T15:55:32.996,horizontal,21.92,24.42,1,0,0.0,TempBand+Watershed+Merge+ClustSml+ShapeGate+MinPeaks+P-Filter+EquipRej+SkinPrio+Omega+OmScale+OmSplit+OmRot+GradFarF+Kalman+StaticSup,horizontal best
cap_000227,2026-08-21T15:55:33.125,horizontal,21.92,24.42,1,0,0.0,TempBand+Watershed+Merge+ClustSml+ShapeGate+MinPeaks+P-Filter+EquipRej+SkinPrio+Omega+OmScale+OmSplit+OmRot+GradFarF+Kalman+StaticSup,horizontal best
cap_000228,2026-08-21T15:55:33.252,horizontal,21.92,24.42,1,0,0.0,TempBand+Watershed+Merge+ClustSml+ShapeGate+MinPeaks+P-Filter+EquipRej+SkinPrio+Omega+OmScale+OmSplit+OmRot+GradFarF+Kalman+StaticSup,horizontal best
cap_000229,2026-08-21T15:55:33.344,horizontal,21.90,24.40,1,0,0.0,TempBand+Watershed+Merge+ClustSml+ShapeGate+MinPeaks+P-Filter+EquipRej+SkinPrio+Omega+OmScale+OmSplit+OmRot+GradFarF+Kalman+StaticSup,horizontal best
cap_000230,2026-08-21T15:55:33.474,horizontal,21.90,24.40,2,0,0.0,TempBand+Watershed+Merge+ClustSml+ShapeGate+MinPeaks+P-Filter+EquipRej+SkinPrio+Omega+OmScale+OmSplit+OmRot+GradFarF+Kalman+StaticSup,horizontal best
cap_000231,2026-08-21T15:55:33.572,horizontal,21.90,24.40,2,0,0.0,TempBand+Watershed+Merge+ClustSml+ShapeGate+MinPeaks+P-Filter+EquipRej+SkinPrio+Omega+OmScale+OmSplit+OmRot+GradFarF+Kalman+StaticSup,horizontal best
cap_000232,2026-08-21T15:55:33.701,horizontal,21.90,24.40,2,0,0.0,TempBand+Watershed+Merge+ClustSml+ShapeGate+MinPeaks+P-Filter+EquipRej+SkinPrio+Omega+OmScale+OmSplit+OmRot+GradFarF+Kalman+StaticSup,horizontal best
cap_000233,2026-08-21T15:55:33.793,horizontal,21.90,24.40,2,0,0.0,TempBand+Watershed+Merge+ClustSml+ShapeGate+MinPeaks+P-Filter+EquipRej+SkinPrio+Omega+OmScale+OmSplit+OmRot+GradFarF+Kalman+StaticSup,horizontal best
cap_000234,2026-08-21T15:55:33.922,horizontal,21.90,24.40,2,0,0.0,TempBand+Watershed+Merge+ClustSml+ShapeGate+MinPeaks+P-Filter+EquipRej+SkinPrio+Omega+OmScale+OmSplit+OmRot+GradFarF+Kalman+StaticSup,horizontal best
cap_000235,2026-08-21T15:55:34.053,horizontal,21.90,24.40,2,0,0.0,TempBand+Watershed+Merge+ClustSml+ShapeGate+MinPeaks+P-Filter+EquipRej+SkinPrio+Omega+OmScale+OmSplit+OmRot+GradFarF+Kalman+StaticSup,horizontal best
cap_000236,2026-08-21T15:55:34.138,horizontal,21.90,24.40,2,0,0.0,TempBand+Watershed+Merge+ClustSml+ShapeGate+MinPeaks+P-Filter+EquipRej+SkinPrio+Omega+OmScale+OmSplit+OmRot+GradFarF+Kalman+StaticSup,horizontal best
cap_000237,2026-08-21T15:55:34.272,horizontal,21.92,24.42,2,0,0.0,TempBand+Watershed+Merge+ClustSml+ShapeGate+MinPeaks+P-Filter+EquipRej+SkinPrio+Omega+OmScale+OmSplit+OmRot+GradFarF+Kalman+StaticSup,horizontal best
cap_000238,2026-08-21T15:55:34.362,horizontal,21.92,24.42,2,0,0.0,TempBand+Watershed+Merge+ClustSml+ShapeGate+MinPeaks+P-Filter+EquipRej+SkinPrio+Omega+OmScale+OmSplit+OmRot+GradFarF+Kalman+StaticSup,horizontal best
cap_000239,2026-08-21T15:55:34.494,horizontal,21.92,24.42,2,0,0.0,TempBand+Watershed+Merge+ClustSml+ShapeGate+MinPeaks+P-Filter+EquipRej+SkinPrio+Omega+OmScale+OmSplit+OmRot+GradFarF+Kalman+StaticSup,horizontal best
cap_000240,2026-08-21T15:55:34.593,horizontal,21.92,24.42,2,0,0.0,TempBand+Watershed+Merge+ClustSml+ShapeGate+MinPeaks+P-Filter+EquipRej+SkinPrio+Omega+OmScale+OmSplit+OmRot+GradFarF+Kalman+StaticSup,horizontal best
cap_000241,2026-08-21T15:55:34.721,horizontal,21.92,24.42,2,0,0.0,TempBand+Watershed+Merge+ClustSml+ShapeGate+MinPeaks+P-Filter+EquipRej+SkinPrio+Omega+OmScale+OmSplit+OmRot+GradFarF+Kalman+StaticSup,horizontal best
cap_000242,2026-08-21T15:55:34.821,horizontal,21.92,24.42,2,0,0.0,TempBand+Watershed+Merge+ClustSml+ShapeGate+MinPeaks+P-Filter+EquipRej+SkinPrio+Omega+OmScale+OmSplit+OmRot+GradFarF+Kalman+StaticSup,horizontal best
cap_000243,2026-08-21T15:55:34.946,horizontal,21.92,24.42,2,0,0.0,TempBand+Watershed+Merge+ClustSml+ShapeGate+MinPeaks+P-Filter+EquipRej+SkinPrio+Omega+OmScale+OmSplit+OmRot+GradFarF+Kalman+StaticSup,horizontal best
cap_000244,2026-08-21T15:55:35.086,horizontal,21.90,24.40,2,0,0.0,TempBand+Watershed+Merge+ClustSml+ShapeGate+MinPeaks+P-Filter+EquipRej+SkinPrio+Omega+OmScale+OmSplit+OmRot+GradFarF+Kalman+StaticSup,horizontal best
cap_000245,2026-08-21T15:55:35.172,horizontal,21.92,24.42,2,0,0.0,TempBand+Watershed+Merge+ClustSml+ShapeGate+MinPeaks+P-Filter+EquipRej+SkinPrio+Omega+OmScale+OmSplit+OmRot+GradFarF+Kalman+StaticSup,horizontal best
cap_000246,2026-08-21T15:55:35.299,horizontal,21.92,24.42,2,0,0.0,TempBand+Watershed+Merge+ClustSml+ShapeGate+MinPeaks+P-Filter+EquipRej+SkinPrio+Omega+OmScale+OmSplit+OmRot+GradFarF+Kalman+StaticSup,horizontal best
cap_000247,2026-08-21T15:55:35.418,horizontal,21.90,24.40,2,0,0.0,TempBand+Watershed+Merge+ClustSml+ShapeGate+MinPeaks+P-Filter+EquipRej+SkinPrio+Omega+OmScale+OmSplit+OmRot+GradFarF+Kalman+StaticSup,horizontal best
cap_000248,2026-08-21T15:55:35.523,horizontal,21.90,24.40,2,0,0.0,TempBand+Watershed+Merge+ClustSml+ShapeGate+MinPeaks+P-Filter+EquipRej+SkinPrio+Omega+OmScale+OmSplit+OmRot+GradFarF+Kalman+StaticSup,horizontal best
cap_000249,2026-08-21T15:55:35.622,horizontal,21.90,24.40,2,0,0.0,TempBand+Watershed+Merge+ClustSml+ShapeGate+MinPeaks+P-Filter+EquipRej+SkinPrio+Omega+OmScale+OmSplit+OmRot+GradFarF+Kalman+StaticSup,horizontal best
cap_000250,2026-08-21T15:55:35.748,horizontal,21.90,24.40,2,0,0.0,TempBand+Watershed+Merge+ClustSml+ShapeGate+MinPeaks+P-Filter+EquipRej+SkinPrio+Omega+OmScale+OmSplit+OmRot+GradFarF+Kalman+StaticSup,horizontal best
cap_000251,2026-08-21T15:55:35.842,horizontal,21.90,24.40,2,0,0.0,TempBand+Watershed+Merge+ClustSml+ShapeGate+MinPeaks+P-Filter+EquipRej+SkinPrio+Omega+OmScale+OmSplit+OmRot+GradFarF+Kalman+StaticSup,horizontal best
cap_000252,2026-08-21T15:55:35.969,horizontal,21.90,24.40,2,0,0.0,TempBand+Watershed+Merge+ClustSml+ShapeGate+MinPeaks+P-Filter+EquipRej+SkinPrio+Omega+OmScale+OmSplit+OmRot+GradFarF+Kalman+StaticSup,horizontal best
cap_000253,2026-08-21T15:55:36.100,horizontal,21.92,24.42,2,0,0.0,TempBand+Watershed+Merge+ClustSml+ShapeGate+MinPeaks+P-Filter+EquipRej+SkinPrio+Omega+OmScale+OmSplit+OmRot+GradFarF+Kalman+StaticSup,horizontal best
cap_000254,2026-08-21T15:55:36.199,horizontal,21.92,24.42,2,0,0.0,TempBand+Watershed+Merge+ClustSml+ShapeGate+MinPeaks+P-Filter+EquipRej+SkinPrio+Omega+OmScale+OmSplit+OmRot+GradFarF+Kalman+StaticSup,horizontal best
cap_000255,2026-08-21T15:55:36.326,horizontal,21.94,24.44,2,0,0.0,TempBand+Watershed+Merge+ClustSml+ShapeGate+MinPeaks+P-Filter+EquipRej+SkinPrio+Omega+OmScale+OmSplit+OmRot+GradFarF+Kalman+StaticSup,horizontal best
cap_000256,2026-08-21T15:55:36.424,horizontal,21.92,24.42,2,0,0.0,TempBand+Watershed+Merge+ClustSml+ShapeGate+MinPeaks+P-Filter+EquipRej+SkinPrio+Omega+OmScale+OmSplit+OmRot+GradFarF+Kalman+StaticSup,horizontal best
cap_000257,2026-08-21T15:55:36.552,horizontal,21.94,24.44,2,0,0.0,TempBand+Watershed+Merge+ClustSml+ShapeGate+MinPeaks+P-Filter+EquipRej+SkinPrio+Omega+OmScale+OmSplit+OmRot+GradFarF+Kalman+StaticSup,horizontal best
cap_000258,2026-08-21T15:55:36.644,horizontal,21.94,24.44,2,0,0.0,TempBand+Watershed+Merge+ClustSml+ShapeGate+MinPeaks+P-Filter+EquipRej+SkinPrio+Omega+OmScale+OmSplit+OmRot+GradFarF+Kalman+StaticSup,horizontal best
cap_000259,2026-08-21T15:55:36.773,horizontal,21.94,24.44,2,0,0.0,TempBand+Watershed+Merge+ClustSml+ShapeGate+MinPeaks+P-Filter+EquipRej+SkinPrio+Omega+OmScale+OmSplit+OmRot+GradFarF+Kalman+StaticSup,horizontal best
cap_000260,2026-08-21T15:55:36.904,horizontal,21.94,24.44,2,0,0.0,TempBand+Watershed+Merge+ClustSml+ShapeGate+MinPeaks+P-Filter+EquipRej+SkinPrio+Omega+OmScale+OmSplit+OmRot+GradFarF+Kalman+StaticSup,horizontal best
cap_000261,2026-08-21T15:55:36.999,horizontal,21.97,24.47,2,0,0.0,TempBand+Watershed+Merge+ClustSml+ShapeGate+MinPeaks+P-Filter+EquipRej+SkinPrio+Omega+OmScale+OmSplit+OmRot+GradFarF+Kalman+StaticSup,horizontal best
cap_000262,2026-08-21T15:55:37.129,horizontal,21.97,24.47,2,0,0.0,TempBand+Watershed+Merge+ClustSml+ShapeGate+MinPeaks+P-Filter+EquipRej+SkinPrio+Omega+OmScale+OmSplit+OmRot+GradFarF+Kalman+StaticSup,horizontal best
cap_000263,2026-08-21T15:55:37.227,horizontal,21.99,24.49,2,0,0.0,TempBand+Watershed+Merge+ClustSml+ShapeGate+MinPeaks+P-Filter+EquipRej+SkinPrio+Omega+OmScale+OmSplit+OmRot+GradFarF+Kalman+StaticSup,horizontal best
cap_000264,2026-08-21T15:55:37.354,horizontal,22.02,24.52,2,0,0.0,TempBand+Watershed+Merge+ClustSml+ShapeGate+MinPeaks+P-Filter+EquipRej+SkinPrio+Omega+OmScale+OmSplit+OmRot+GradFarF+Kalman+StaticSup,horizontal best
cap_000265,2026-08-21T15:55:37.446,horizontal,22.06,24.56,2,0,0.0,TempBand+Watershed+Merge+ClustSml+ShapeGate+MinPeaks+P-Filter+EquipRej+SkinPrio+Omega+OmScale+OmSplit+OmRot+GradFarF+Kalman+StaticSup,horizontal best
cap_000266,2026-08-21T15:55:37.574,horizontal,22.06,24.56,2,0,0.0,TempBand+Watershed+Merge+ClustSml+ShapeGate+MinPeaks+P-Filter+EquipRej+SkinPrio+Omega+OmScale+OmSplit+OmRot+GradFarF+Kalman+StaticSup,horizontal best
cap_000267,2026-08-21T15:55:37.673,horizontal,22.09,24.59,2,0,0.0,TempBand+Watershed+Merge+ClustSml+ShapeGate+MinPeaks+P-Filter+EquipRej+SkinPrio+Omega+OmScale+OmSplit+OmRot+GradFarF+Kalman+StaticSup,horizontal best
cap_000268,2026-08-21T15:55:37.798,horizontal,22.06,24.56,2,0,0.0,TempBand+Watershed+Merge+ClustSml+ShapeGate+MinPeaks+P-Filter+EquipRej+SkinPrio+Omega+OmScale+OmSplit+OmRot+GradFarF+Kalman+StaticSup,horizontal best
cap_000269,2026-08-21T15:55:37.931,horizontal,22.09,24.59,2,0,0.0,TempBand+Watershed+Merge+ClustSml+ShapeGate+MinPeaks+P-Filter+EquipRej+SkinPrio+Omega+OmScale+OmSplit+OmRot+GradFarF+Kalman+StaticSup,horizontal best
cap_000270,2026-08-21T15:55:38.023,horizontal,22.11,24.61,2,0,0.0,TempBand+Watershed+Merge+ClustSml+ShapeGate+MinPeaks+P-Filter+EquipRej+SkinPrio+Omega+OmScale+OmSplit+OmRot+GradFarF+Kalman+StaticSup,horizontal best
cap_000271,2026-08-21T15:55:38.151,horizontal,22.09,24.59,2,0,0.0,TempBand+Watershed+Merge+ClustSml+ShapeGate+MinPeaks+P-Filter+EquipRej+SkinPrio+Omega+OmScale+OmSplit+OmRot+GradFarF+Kalman+StaticSup,horizontal best
cap_000272,2026-08-21T15:55:38.251,horizontal,22.11,24.61,2,0,0.0,TempBand+Watershed+Merge+ClustSml+ShapeGate+MinPeaks+P-Filter+EquipRej+SkinPrio+Omega+OmScale+OmSplit+OmRot+GradFarF+Kalman+StaticSup,horizontal best
cap_000273,2026-08-21T15:55:38.377,horizontal,22.11,24.61,1,0,0.0,TempBand+Watershed+Merge+ClustSml+ShapeGate+MinPeaks+P-Filter+EquipRej+SkinPrio+Omega+OmScale+OmSplit+OmRot+GradFarF+Kalman+StaticSup,horizontal best
cap_000274,2026-08-21T15:55:38.465,horizontal,22.11,24.61,1,0,0.0,TempBand+Watershed+Merge+ClustSml+ShapeGate+MinPeaks+P-Filter+EquipRej+SkinPrio+Omega+OmScale+OmSplit+OmRot+GradFarF+Kalman+StaticSup,horizontal best
cap_000275,2026-08-21T15:55:38.595,horizontal,22.11,24.61,0,0,0.0,TempBand+Watershed+Merge+ClustSml+ShapeGate+MinPeaks+P-Filter+EquipRej+SkinPrio+Omega+OmScale+OmSplit+OmRot+GradFarF+Kalman+StaticSup,horizontal best
cap_000276,2026-08-21T15:55:38.735,horizontal,22.11,24.61,0,0,0.0,TempBand+Watershed+Merge+ClustSml+ShapeGate+MinPeaks+P-Filter+EquipRej+SkinPrio+Omega+OmScale+OmSplit+OmRot+GradFarF+Kalman+StaticSup,horizontal best
cap_000277,2026-08-21T15:55:38.827,horizontal,22.11,24.61,1,0,0.0,TempBand+Watershed+Merge+ClustSml+ShapeGate+MinPeaks+P-Filter+EquipRej+SkinPrio+Omega+OmScale+OmSplit+OmRot+GradFarF+Kalman+StaticSup,horizontal best
cap_000278,2026-08-21T15:55:38.952,horizontal,22.11,24.61,1,0,0.0,TempBand+Watershed+Merge+ClustSml+ShapeGate+MinPeaks+P-Filter+EquipRej+SkinPrio+Omega+OmScale+OmSplit+OmRot+GradFarF+Kalman+StaticSup,horizontal best
cap_000279,2026-08-21T15:55:39.052,horizontal,22.09,24.59,1,0,0.0,TempBand+Watershed+Merge+ClustSml+ShapeGate+MinPeaks+P-Filter+EquipRej+SkinPrio+Omega+OmScale+OmSplit+OmRot+GradFarF+Kalman+StaticSup,horizontal best
cap_000280,2026-08-21T15:55:39.182,horizontal,22.11,24.61,1,0,0.0,TempBand+Watershed+Merge+ClustSml+ShapeGate+MinPeaks+P-Filter+EquipRej+SkinPrio+Omega+OmScale+OmSplit+OmRot+GradFarF+Kalman+StaticSup,horizontal best
cap_000281,2026-08-21T15:55:39.273,horizontal,22.14,24.64,2,0,0.0,TempBand+Watershed+Merge+ClustSml+ShapeGate+MinPeaks+P-Filter+EquipRej+SkinPrio+Omega+OmScale+OmSplit+OmRot+GradFarF+Kalman+StaticSup,horizontal best
cap_000282,2026-08-21T15:55:39.402,horizontal,22.14,24.64,2,0,0.0,TempBand+Watershed+Merge+ClustSml+ShapeGate+MinPeaks+P-Filter+EquipRej+SkinPrio+Omega+OmScale+OmSplit+OmRot+GradFarF+Kalman+StaticSup,horizontal best
cap_000283,2026-08-21T15:55:39.498,horizontal,22.11,24.61,2,0,0.0,TempBand+Watershed+Merge+ClustSml+ShapeGate+MinPeaks+P-Filter+EquipRej+SkinPrio+Omega+OmScale+OmSplit+OmRot+GradFarF+Kalman+StaticSup,horizontal best
cap_000284,2026-08-21T15:55:39.628,horizontal,22.11,24.61,2,0,0.0,TempBand+Watershed+Merge+ClustSml+ShapeGate+MinPeaks+P-Filter+EquipRej+SkinPrio+Omega+OmScale+OmSplit+OmRot+GradFarF+Kalman+StaticSup,horizontal best
cap_000285,2026-08-21T15:55:39.753,horizontal,22.11,24.61,2,0,0.0,TempBand+Watershed+Merge+ClustSml+ShapeGate+MinPeaks+P-Filter+EquipRej+SkinPrio+Omega+OmScale+OmSplit+OmRot+GradFarF+Kalman+StaticSup,horizontal best
cap_000286,2026-08-21T15:55:39.847,horizontal,22.11,24.61,2,0,0.0,TempBand+Watershed+Merge+ClustSml+ShapeGate+MinPeaks+P-Filter+EquipRej+SkinPrio+Omega+OmScale+OmSplit+OmRot+GradFarF+Kalman+StaticSup,horizontal best
cap_000287,2026-08-21T15:55:39.979,horizontal,22.09,24.59,2,0,0.0,TempBand+Watershed+Merge+ClustSml+ShapeGate+MinPeaks+P-Filter+EquipRej+SkinPrio+Omega+OmScale+OmSplit+OmRot+GradFarF+Kalman+StaticSup,horizontal best
cap_000288,2026-08-21T15:55:40.075,horizontal,22.11,24.61,2,0,0.0,TempBand+Watershed+Merge+ClustSml+ShapeGate+MinPeaks+P-Filter+EquipRej+SkinPrio+Omega+OmScale+OmSplit+OmRot+GradFarF+Kalman+StaticSup,horizontal best
cap_000289,2026-08-21T15:55:40.202,horizontal,22.11,24.61,2,0,0.0,TempBand+Watershed+Merge+ClustSml+ShapeGate+MinPeaks+P-Filter+EquipRej+SkinPrio+Omega+OmScale+OmSplit+OmRot+GradFarF+Kalman+StaticSup,horizontal best
cap_000290,2026-08-21T15:55:40.302,horizontal,22.09,24.59,2,0,0.0,TempBand+Watershed+Merge+ClustSml+ShapeGate+MinPeaks+P-Filter+EquipRej+SkinPrio+Omega+OmScale+OmSplit+OmRot+GradFarF+Kalman+StaticSup,horizontal best
cap_000291,2026-08-21T15:55:40.428,horizontal,22.11,24.61,2,0,0.0,TempBand+Watershed+Merge+ClustSml+ShapeGate+MinPeaks+P-Filter+EquipRej+SkinPrio+Omega+OmScale+OmSplit+OmRot+GradFarF+Kalman+StaticSup,horizontal best
cap_000292,2026-08-21T15:55:40.526,horizontal,22.11,24.61,2,0,0.0,TempBand+Watershed+Merge+ClustSml+ShapeGate+MinPeaks+P-Filter+EquipRej+SkinPrio+Omega+OmScale+OmSplit+OmRot+GradFarF+Kalman+StaticSup,horizontal best
cap_000293,2026-08-21T15:55:40.650,horizontal,22.11,24.61,2,0,0.0,TempBand+Watershed+Merge+ClustSml+ShapeGate+MinPeaks+P-Filter+EquipRej+SkinPrio+Omega+OmScale+OmSplit+OmRot+GradFarF+Kalman+StaticSup,horizontal best
cap_000294,2026-08-21T15:55:40.784,horizontal,22.14,24.64,2,0,0.0,TempBand+Watershed+Merge+ClustSml+ShapeGate+MinPeaks+P-Filter+EquipRej+SkinPrio+Omega+OmScale+OmSplit+OmRot+GradFarF+Kalman+StaticSup,horizontal best
cap_000295,2026-08-21T15:55:40.876,horizontal,22.14,24.64,2,0,0.0,TempBand+Watershed+Merge+ClustSml+ShapeGate+MinPeaks+P-Filter+EquipRej+SkinPrio+Omega+OmScale+OmSplit+OmRot+GradFarF+Kalman+StaticSup,horizontal best
cap_000296,2026-08-21T15:55:41.006,horizontal,22.11,24.61,2,0,0.0,TempBand+Watershed+Merge+ClustSml+ShapeGate+MinPeaks+P-Filter+EquipRej+SkinPrio+Omega+OmScale+OmSplit+OmRot+GradFarF+Kalman+StaticSup,horizontal best
cap_000297,2026-08-21T15:55:41.104,horizontal,22.11,24.61,2,0,0.0,TempBand+Watershed+Merge+ClustSml+ShapeGate+MinPeaks+P-Filter+EquipRej+SkinPrio+Omega+OmScale+OmSplit+OmRot+GradFarF+Kalman+StaticSup,horizontal best
cap_000298,2026-08-21T15:55:41.234,horizontal,22.09,24.59,2,0,0.0,TempBand+Watershed+Merge+ClustSml+ShapeGate+MinPeaks+P-Filter+EquipRej+SkinPrio+Omega+OmScale+OmSplit+OmRot+GradFarF+Kalman+StaticSup,horizontal best
cap_000299,2026-08-21T15:55:41.323,horizontal,22.06,24.56,2,0,0.0,TempBand+Watershed+Merge+ClustSml+ShapeGate+MinPeaks+P-Filter+EquipRej+SkinPrio+Omega+OmScale+OmSplit+OmRot+GradFarF+Kalman+StaticSup,horizontal best
cap_000300,2026-08-21T15:55:41.454,horizontal,22.06,24.56,2,0,0.0,TempBand+Watershed+Merge+ClustSml+ShapeGate+MinPeaks+P-Filter+EquipRej+SkinPrio+Omega+OmScale+OmSplit+OmRot+GradFarF+Kalman+StaticSup,horizontal best
cap_000301,2026-08-21T15:55:41.581,horizontal,22.04,24.54,2,0,0.0,TempBand+Watershed+Merge+ClustSml+ShapeGate+MinPeaks+P-Filter+EquipRej+SkinPrio+Omega+OmScale+OmSplit+OmRot+GradFarF+Kalman+StaticSup,horizontal best
cap_000302,2026-08-21T15:55:41.679,horizontal,22.04,24.54,2,0,0.0,TempBand+Watershed+Merge+ClustSml+ShapeGate+MinPeaks+P-Filter+EquipRej+SkinPrio+Omega+OmScale+OmSplit+OmRot+GradFarF+Kalman+StaticSup,horizontal best
cap_000303,2026-08-21T15:55:41.808,horizontal,22.04,24.54,2,0,0.0,TempBand+Watershed+Merge+ClustSml+ShapeGate+MinPeaks+P-Filter+EquipRej+SkinPrio+Omega+OmScale+OmSplit+OmRot+GradFarF+Kalman+StaticSup,horizontal best
cap_000304,2026-08-21T15:55:41.903,horizontal,22.04,24.54,2,0,0.0,TempBand+Watershed+Merge+ClustSml+ShapeGate+MinPeaks+P-Filter+EquipRej+SkinPrio+Omega+OmScale+OmSplit+OmRot+GradFarF+Kalman+StaticSup,horizontal best
cap_000305,2026-08-21T15:55:42.031,horizontal,22.02,24.52,2,0,0.0,TempBand+Watershed+Merge+ClustSml+ShapeGate+MinPeaks+P-Filter+EquipRej+SkinPrio+Omega+OmScale+OmSplit+OmRot+GradFarF+Kalman+StaticSup,horizontal best
cap_000306,2026-08-21T15:55:42.125,horizontal,22.02,24.52,2,0,0.0,TempBand+Watershed+Merge+ClustSml+ShapeGate+MinPeaks+P-Filter+EquipRej+SkinPrio+Omega+OmScale+OmSplit+OmRot+GradFarF+Kalman+StaticSup,horizontal best
cap_000307,2026-08-21T15:55:42.261,horizontal,22.02,24.52,2,0,0.0,TempBand+Watershed+Merge+ClustSml+ShapeGate+MinPeaks+P-Filter+EquipRej+SkinPrio+Omega+OmScale+OmSplit+OmRot+GradFarF+Kalman+StaticSup,horizontal best
cap_000308,2026-08-21T15:55:42.351,horizontal,21.99,24.49,2,0,0.0,TempBand+Watershed+Merge+ClustSml+ShapeGate+MinPeaks+P-Filter+EquipRej+SkinPrio+Omega+OmScale+OmSplit+OmRot+GradFarF+Kalman+StaticSup,horizontal best
cap_000309,2026-08-21T15:55:42.479,horizontal,21.99,24.49,2,0,0.0,TempBand+Watershed+Merge+ClustSml+ShapeGate+MinPeaks+P-Filter+EquipRej+SkinPrio+Omega+OmScale+OmSplit+OmRot+GradFarF+Kalman+StaticSup,horizontal best
cap_000310,2026-08-21T15:55:42.605,horizontal,21.99,24.49,2,0,0.0,TempBand+Watershed+Merge+ClustSml+ShapeGate+MinPeaks+P-Filter+EquipRej+SkinPrio+Omega+OmScale+OmSplit+OmRot+GradFarF+Kalman+StaticSup,horizontal best
cap_000311,2026-08-21T15:55:42.703,horizontal,21.99,24.49,2,0,0.0,TempBand+Watershed+Merge+ClustSml+ShapeGate+MinPeaks+P-Filter+EquipRej+SkinPrio+Omega+OmScale+OmSplit+OmRot+GradFarF+Kalman+StaticSup,horizontal best
cap_000312,2026-08-21T15:55:42.840,horizontal,22.02,24.52,2,0,0.0,TempBand+Watershed+Merge+ClustSml+ShapeGate+MinPeaks+P-Filter+EquipRej+SkinPrio+Omega+OmScale+OmSplit+OmRot+GradFarF+Kalman+StaticSup,horizontal best
cap_000313,2026-08-21T15:55:42.925,horizontal,22.02,24.52,2,0,0.0,TempBand+Watershed+Merge+ClustSml+ShapeGate+MinPeaks+P-Filter+EquipRej+SkinPrio+Omega+OmScale+OmSplit+OmRot+GradFarF+Kalman+StaticSup,horizontal best
cap_000314,2026-08-21T15:55:43.061,horizontal,21.99,24.49,2,0,0.0,TempBand+Watershed+Merge+ClustSml+ShapeGate+MinPeaks+P-Filter+EquipRej+SkinPrio+Omega+OmScale+OmSplit+OmRot+GradFarF+Kalman+StaticSup,horizontal best
cap_000315,2026-08-21T15:55:43.153,horizontal,21.97,24.47,2,0,0.0,TempBand+Watershed+Merge+ClustSml+ShapeGate+MinPeaks+P-Filter+EquipRej+SkinPrio+Omega+OmScale+OmSplit+OmRot+GradFarF+Kalman+StaticSup,horizontal best
cap_000316,2026-08-21T15:55:43.283,horizontal,21.97,24.47,2,0,0.0,TempBand+Watershed+Merge+ClustSml+ShapeGate+MinPeaks+P-Filter+EquipRej+SkinPrio+Omega+OmScale+OmSplit+OmRot+GradFarF+Kalman+StaticSup,horizontal best
cap_000317,2026-08-21T15:55:43.417,horizontal,21.97,24.47,2,0,0.0,TempBand+Watershed+Merge+ClustSml+ShapeGate+MinPeaks+P-Filter+EquipRej+SkinPrio+Omega+OmScale+OmSplit+OmRot+GradFarF+Kalman+StaticSup,horizontal best
cap_000318,2026-08-21T15:55:43.508,horizontal,21.94,24.44,2,0,0.0,TempBand+Watershed+Merge+ClustSml+ShapeGate+MinPeaks+P-Filter+EquipRej+SkinPrio+Omega+OmScale+OmSplit+OmRot+GradFarF+Kalman+StaticSup,horizontal best
cap_000319,2026-08-21T15:55:43.637,horizontal,21.92,24.42,2,0,0.0,TempBand+Watershed+Merge+ClustSml+ShapeGate+MinPeaks+P-Filter+EquipRej+SkinPrio+Omega+OmScale+OmSplit+OmRot+GradFarF+Kalman+StaticSup,horizontal best
cap_000320,2026-08-21T15:55:43.729,horizontal,21.92,24.42,2,0,0.0,TempBand+Watershed+Merge+ClustSml+ShapeGate+MinPeaks+P-Filter+EquipRej+SkinPrio+Omega+OmScale+OmSplit+OmRot+GradFarF+Kalman+StaticSup,horizontal best
cap_000321,2026-08-21T15:55:43.859,horizontal,21.90,24.40,2,0,0.0,TempBand+Watershed+Merge+ClustSml+ShapeGate+MinPeaks+P-Filter+EquipRej+SkinPrio+Omega+OmScale+OmSplit+OmRot+GradFarF+Kalman+StaticSup,horizontal best
cap_000322,2026-08-21T15:55:43.949,horizontal,21.90,24.40,2,0,0.0,TempBand+Watershed+Merge+ClustSml+ShapeGate+MinPeaks+P-Filter+EquipRej+SkinPrio+Omega+OmScale+OmSplit+OmRot+GradFarF+Kalman+StaticSup,horizontal best
cap_000323,2026-08-21T15:55:44.087,horizontal,21.92,24.42,2,0,0.0,TempBand+Watershed+Merge+ClustSml+ShapeGate+MinPeaks+P-Filter+EquipRej+SkinPrio+Omega+OmScale+OmSplit+OmRot+GradFarF+Kalman+StaticSup,horizontal best
cap_000324,2026-08-21T15:55:44.177,horizontal,21.90,24.40,2,0,0.0,TempBand+Watershed+Merge+ClustSml+ShapeGate+MinPeaks+P-Filter+EquipRej+SkinPrio+Omega+OmScale+OmSplit+OmRot+GradFarF+Kalman+StaticSup,horizontal best
cap_000325,2026-08-21T15:55:44.303,horizontal,21.90,24.40,2,0,0.0,TempBand+Watershed+Merge+ClustSml+ShapeGate+MinPeaks+P-Filter+EquipRej+SkinPrio+Omega+OmScale+OmSplit+OmRot+GradFarF+Kalman+StaticSup,horizontal best
cap_000326,2026-08-21T15:55:44.439,horizontal,21.90,24.40,2,0,0.0,TempBand+Watershed+Merge+ClustSml+ShapeGate+MinPeaks+P-Filter+EquipRej+SkinPrio+Omega+OmScale+OmSplit+OmRot+GradFarF+Kalman+StaticSup,horizontal best
cap_000327,2026-08-21T15:55:44.529,horizontal,21.92,24.42,2,0,0.0,TempBand+Watershed+Merge+ClustSml+ShapeGate+MinPeaks+P-Filter+EquipRej+SkinPrio+Omega+OmScale+OmSplit+OmRot+GradFarF+Kalman+StaticSup,horizontal best
cap_000328,2026-08-21T15:55:44.656,horizontal,21.92,24.42,2,0,0.0,TempBand+Watershed+Merge+ClustSml+ShapeGate+MinPeaks+P-Filter+EquipRej+SkinPrio+Omega+OmScale+OmSplit+OmRot+GradFarF+Kalman+StaticSup,horizontal best
cap_000329,2026-08-21T15:55:44.751,horizontal,21.92,24.42,2,0,0.0,TempBand+Watershed+Merge+ClustSml+ShapeGate+MinPeaks+P-Filter+EquipRej+SkinPrio+Omega+OmScale+OmSplit+OmRot+GradFarF+Kalman+StaticSup,horizontal best
cap_000330,2026-08-21T15:55:44.884,horizontal,21.92,24.42,2,0,0.0,TempBand+Watershed+Merge+ClustSml+ShapeGate+MinPeaks+P-Filter+EquipRej+SkinPrio+Omega+OmScale+OmSplit+OmRot+GradFarF+Kalman+StaticSup,horizontal best
cap_000331,2026-08-21T15:55:44.981,horizontal,21.92,24.42,2,0,0.0,TempBand+Watershed+Merge+ClustSml+ShapeGate+MinPeaks+P-Filter+EquipRej+SkinPrio+Omega+OmScale+OmSplit+OmRot+GradFarF+Kalman+StaticSup,horizontal best
cap_000332,2026-08-21T15:55:45.109,horizontal,21.92,24.42,2,0,0.0,TempBand+Watershed+Merge+ClustSml+ShapeGate+MinPeaks+P-Filter+EquipRej+SkinPrio+Omega+OmScale+OmSplit+OmRot+GradFarF+Kalman+StaticSup,horizontal best
cap_000333,2026-08-21T15:55:45.245,horizontal,21.90,24.40,2,0,0.0,TempBand+Watershed+Merge+ClustSml+ShapeGate+MinPeaks+P-Filter+EquipRej+SkinPrio+Omega+OmScale+OmSplit+OmRot+GradFarF+Kalman+StaticSup,horizontal best
cap_000334,2026-08-21T15:55:45.332,horizontal,21.90,24.40,2,0,0.0,TempBand+Watershed+Merge+ClustSml+ShapeGate+MinPeaks+P-Filter+EquipRej+SkinPrio+Omega+OmScale+OmSplit+OmRot+GradFarF+Kalman+StaticSup,horizontal best
cap_000335,2026-08-21T15:55:45.464,horizontal,21.90,24.40,2,0,0.0,TempBand+Watershed+Merge+ClustSml+ShapeGate+MinPeaks+P-Filter+EquipRej+SkinPrio+Omega+OmScale+OmSplit+OmRot+GradFarF+Kalman+StaticSup,horizontal best
cap_000336,2026-08-21T15:55:45.556,horizontal,21.90,24.40,2,0,0.0,TempBand+Watershed+Merge+ClustSml+ShapeGate+MinPeaks+P-Filter+EquipRej+SkinPrio+Omega+OmScale+OmSplit+OmRot+GradFarF+Kalman+StaticSup,horizontal best
cap_000337,2026-08-21T15:55:45.688,horizontal,21.90,24.40,2,1,0.1815379050632466,TempBand+Watershed+Merge+ClustSml+ShapeGate+MinPeaks+P-Filter+EquipRej+SkinPrio+Omega+OmScale+OmSplit+OmRot+GradFarF+Kalman+StaticSup,horizontal best
cap_000338,2026-08-21T15:55:45.779,horizontal,21.92,24.42,2,1,0.20786088280296702,TempBand+Watershed+Merge+ClustSml+ShapeGate+MinPeaks+P-Filter+EquipRej+SkinPrio+Omega+OmScale+OmSplit+OmRot+GradFarF+Kalman+StaticSup,horizontal best
cap_000339,2026-08-21T15:55:45.912,horizontal,21.92,24.42,2,0,0.0,TempBand+Watershed+Merge+ClustSml+ShapeGate+MinPeaks+P-Filter+EquipRej+SkinPrio+Omega+OmScale+OmSplit+OmRot+GradFarF+Kalman+StaticSup,horizontal best
cap_000340,2026-08-21T15:55:46.003,horizontal,21.92,24.42,2,1,0.6412111569409369,TempBand+Watershed+Merge+ClustSml+ShapeGate+MinPeaks+P-Filter+EquipRej+SkinPrio+Omega+OmScale+OmSplit+OmRot+GradFarF+Kalman+StaticSup,horizontal best
cap_000341,2026-08-21T15:55:46.132,horizontal,21.94,24.44,2,1,0.1676010532787627,TempBand+Watershed+Merge+ClustSml+ShapeGate+MinPeaks+P-Filter+EquipRej+SkinPrio+Omega+OmScale+OmSplit+OmRot+GradFarF+Kalman+StaticSup,horizontal best
cap_000342,2026-08-21T15:55:46.267,horizontal,21.94,24.44,2,1,0.16052433856872486,TempBand+Watershed+Merge+ClustSml+ShapeGate+MinPeaks+P-Filter+EquipRej+SkinPrio+Omega+OmScale+OmSplit+OmRot+GradFarF+Kalman+StaticSup,horizontal best
cap_000343,2026-08-21T15:55:46.357,horizontal,21.94,24.44,2,1,0.2774124305727808,TempBand+Watershed+Merge+ClustSml+ShapeGate+MinPeaks+P-Filter+EquipRej+SkinPrio+Omega+OmScale+OmSplit+OmRot+GradFarF+Kalman+StaticSup,horizontal best
cap_000344,2026-08-21T15:55:46.486,horizontal,21.94,24.44,2,1,0.2512911559734233,TempBand+Watershed+Merge+ClustSml+ShapeGate+MinPeaks+P-Filter+EquipRej+SkinPrio+Omega+OmScale+OmSplit+OmRot+GradFarF+Kalman+StaticSup,horizontal best
cap_000345,2026-08-21T15:55:46.581,horizontal,21.94,24.44,2,1,0.28362141624259163,TempBand+Watershed+Merge+ClustSml+ShapeGate+MinPeaks+P-Filter+EquipRej+SkinPrio+Omega+OmScale+OmSplit+OmRot+GradFarF+Kalman+StaticSup,horizontal best
cap_000346,2026-08-21T15:55:46.712,horizontal,21.97,24.47,2,1,0.1091720142131409,TempBand+Watershed+Merge+ClustSml+ShapeGate+MinPeaks+P-Filter+EquipRej+SkinPrio+Omega+OmScale+OmSplit+OmRot+GradFarF+Kalman+StaticSup,horizontal best
cap_000347,2026-08-21T15:55:46.804,horizontal,21.97,24.47,2,1,0.7066757273490423,TempBand+Watershed+Merge+ClustSml+ShapeGate+MinPeaks+P-Filter+EquipRej+SkinPrio+Omega+OmScale+OmSplit+OmRot+GradFarF+Kalman+StaticSup,horizontal best
cap_000348,2026-08-21T15:55:46.931,horizontal,21.97,24.47,2,1,0.7167323867090221,TempBand+Watershed+Merge+ClustSml+ShapeGate+MinPeaks+P-Filter+EquipRej+SkinPrio+Omega+OmScale+OmSplit+OmRot+GradFarF+Kalman+StaticSup,horizontal best
cap_000349,2026-08-21T15:55:47.028,horizontal,21.99,24.49,2,1,0.23470281677725963,TempBand+Watershed+Merge+ClustSml+ShapeGate+MinPeaks+P-Filter+EquipRej+SkinPrio+Omega+OmScale+OmSplit+OmRot+GradFarF+Kalman+StaticSup,horizontal best
cap_000350,2026-08-21T15:55:47.159,horizontal,21.99,24.49,2,1,0.5473269715680845,TempBand+Watershed+Merge+ClustSml+ShapeGate+MinPeaks+P-Filter+EquipRej+SkinPrio+Omega+OmScale+OmSplit+OmRot+GradFarF+Kalman+StaticSup,horizontal best
cap_000351,2026-08-21T15:55:47.292,horizontal,22.02,24.52,2,1,0.4291483770208819,TempBand+Watershed+Merge+ClustSml+ShapeGate+MinPeaks+P-Filter+EquipRej+SkinPrio+Omega+OmScale+OmSplit+OmRot+GradFarF+Kalman+StaticSup,horizontal best
cap_000352,2026-08-21T15:55:47.381,horizontal,22.06,24.56,2,1,0.2869065252011548,TempBand+Watershed+Merge+ClustSml+ShapeGate+MinPeaks+P-Filter+EquipRej+SkinPrio+Omega+OmScale+OmSplit+OmRot+GradFarF+Kalman+StaticSup,horizontal best
cap_000353,2026-08-21T15:55:47.511,horizontal,22.06,24.56,2,1,0.25751426968254526,TempBand+Watershed+Merge+ClustSml+ShapeGate+MinPeaks+P-Filter+EquipRej+SkinPrio+Omega+OmScale+OmSplit+OmRot+GradFarF+Kalman+StaticSup,horizontal best
cap_000354,2026-08-21T15:55:47.607,horizontal,22.06,24.56,2,1,0.07669367681350199,TempBand+Watershed+Merge+ClustSml+ShapeGate+MinPeaks+P-Filter+EquipRej+SkinPrio+Omega+OmScale+OmSplit+OmRot+GradFarF+Kalman+StaticSup,horizontal best
cap_000355,2026-08-21T15:55:47.739,horizontal,22.04,24.54,2,2,0.6932393495236061,TempBand+Watershed+Merge+ClustSml+ShapeGate+MinPeaks+P-Filter+EquipRej+SkinPrio+Omega+OmScale+OmSplit+OmRot+GradFarF+Kalman+StaticSup,horizontal best
cap_000356,2026-08-21T15:55:47.832,horizontal,22.04,24.54,2,2,0.9690523341502536,TempBand+Watershed+Merge+ClustSml+ShapeGate+MinPeaks+P-Filter+EquipRej+SkinPrio+Omega+OmScale+OmSplit+OmRot+GradFarF+Kalman+StaticSup,horizontal best
cap_000357,2026-08-21T15:55:47.961,horizontal,22.06,24.56,2,2,0.16964953747933628,TempBand+Watershed+Merge+ClustSml+ShapeGate+MinPeaks+P-Filter+EquipRej+SkinPrio+Omega+OmScale+OmSplit+OmRot+GradFarF+Kalman+StaticSup,horizontal best
cap_000358,2026-08-21T15:55:48.095,horizontal,22.04,24.54,2,2,0.02305388530473843,TempBand+Watershed+Merge+ClustSml+ShapeGate+MinPeaks+P-Filter+EquipRej+SkinPrio+Omega+OmScale+OmSplit+OmRot+GradFarF+Kalman+StaticSup,horizontal best
cap_000359,2026-08-21T15:55:48.182,horizontal,22.02,24.52,2,2,0.23393455737085908,TempBand+Watershed+Merge+ClustSml+ShapeGate+MinPeaks+P-Filter+EquipRej+SkinPrio+Omega+OmScale+OmSplit+OmRot+GradFarF+Kalman+StaticSup,horizontal best
cap_000360,2026-08-21T15:55:48.311,horizontal,22.02,24.52,2,1,0.6636039902929334,TempBand+Watershed+Merge+ClustSml+ShapeGate+MinPeaks+P-Filter+EquipRej+SkinPrio+Omega+OmScale+OmSplit+OmRot+GradFarF+Kalman+StaticSup,horizontal best
cap_000361,2026-08-21T15:55:50.147,horizontal,22.42,24.92,2,2,0.8320154174587926,TempBand+Watershed+Merge+ClustSml+ShapeGate+MinPeaks+P-Filter+EquipRej+SkinPrio+Omega+OmScale+OmSplit+OmRot+GradFarF+Kalman+StaticSup,horizontal best
cap_000362,2026-08-21T15:55:50.232,horizontal,22.56,25.06,2,2,0.7639978838919922,TempBand+Watershed+Merge+ClustSml+ShapeGate+MinPeaks+P-Filter+EquipRej+SkinPrio+Omega+OmScale+OmSplit+OmRot+GradFarF+Kalman+StaticSup,horizontal best
cap_000363,2026-08-21T15:55:50.368,horizontal,22.75,25.25,1,0,0.0,TempBand+Watershed+Merge+ClustSml+ShapeGate+MinPeaks+P-Filter+EquipRej+SkinPrio+Omega+OmScale+OmSplit+OmRot+GradFarF+Kalman+StaticSup,horizontal best
cap_000364,2026-08-21T15:55:50.459,horizontal,23.01,25.51,2,2,0.514364829188481,TempBand+Watershed+Merge+ClustSml+ShapeGate+MinPeaks+P-Filter+EquipRej+SkinPrio+Omega+OmScale+OmSplit+OmRot+GradFarF+Kalman+StaticSup,horizontal best
cap_000365,2026-08-21T15:55:50.585,horizontal,23.13,25.63,2,1,0.6578714487237872,TempBand+Watershed+Merge+ClustSml+ShapeGate+MinPeaks+P-Filter+EquipRej+SkinPrio+Omega+OmScale+OmSplit+OmRot+GradFarF+Kalman+StaticSup,horizontal best
cap_000366,2026-08-21T15:55:50.681,horizontal,23.34,25.84,2,1,0.6119705088907252,TempBand+Watershed+Merge+ClustSml+ShapeGate+MinPeaks+P-Filter+EquipRej+SkinPrio+Omega+OmScale+OmSplit+OmRot+GradFarF+Kalman+StaticSup,horizontal best
cap_000367,2026-08-21T15:55:50.808,horizontal,23.55,26.05,1,0,0.0,TempBand+Watershed+Merge+ClustSml+ShapeGate+MinPeaks+P-Filter+EquipRej+SkinPrio+Omega+OmScale+OmSplit+OmRot+GradFarF+Kalman+StaticSup,horizontal best
cap_000368,2026-08-21T15:55:50.944,horizontal,23.72,26.22,1,0,0.0,TempBand+Watershed+Merge+ClustSml+ShapeGate+MinPeaks+P-Filter+EquipRej+SkinPrio+Omega+OmScale+OmSplit+OmRot+GradFarF+Kalman+StaticSup,horizontal best
cap_000369,2026-08-21T15:55:51.029,horizontal,23.72,26.22,1,0,0.0,TempBand+Watershed+Merge+ClustSml+ShapeGate+MinPeaks+P-Filter+EquipRej+SkinPrio+Omega+OmScale+OmSplit+OmRot+GradFarF+Kalman+StaticSup,horizontal best
cap_000370,2026-08-21T15:55:51.172,horizontal,23.67,26.17,2,2,0.7717963415277062,TempBand+Watershed+Merge+ClustSml+ShapeGate+MinPeaks+P-Filter+EquipRej+SkinPrio+Omega+OmScale+OmSplit+OmRot+GradFarF+Kalman+StaticSup,horizontal best
cap_000371,2026-08-21T15:55:51.250,horizontal,23.53,26.03,1,0,0.0,TempBand+Watershed+Merge+ClustSml+ShapeGate+MinPeaks+P-Filter+EquipRej+SkinPrio+Omega+OmScale+OmSplit+OmRot+GradFarF+Kalman+StaticSup,horizontal best
cap_000372,2026-08-21T15:55:51.384,horizontal,23.48,25.98,1,0,0.0,TempBand+Watershed+Merge+ClustSml+ShapeGate+MinPeaks+P-Filter+EquipRej+SkinPrio+Omega+OmScale+OmSplit+OmRot+GradFarF+Kalman+StaticSup,horizontal best
cap_000373,2026-08-21T15:55:51.478,horizontal,23.32,25.82,1,0,0.0,TempBand+Watershed+Merge+ClustSml+ShapeGate+MinPeaks+P-Filter+EquipRej+SkinPrio+Omega+OmScale+OmSplit+OmRot+GradFarF+Kalman+StaticSup,horizontal best
cap_000374,2026-08-21T15:55:51.606,horizontal,23.27,25.77,1,0,0.0,TempBand+Watershed+Merge+ClustSml+ShapeGate+MinPeaks+P-Filter+EquipRej+SkinPrio+Omega+OmScale+OmSplit+OmRot+GradFarF+Kalman+StaticSup,horizontal best
cap_000375,2026-08-21T15:55:51.734,horizontal,23.24,25.74,1,0,0.0,TempBand+Watershed+Merge+ClustSml+ShapeGate+MinPeaks+P-Filter+EquipRej+SkinPrio+Omega+OmScale+OmSplit+OmRot+GradFarF+Kalman+StaticSup,horizontal best
cap_000376,2026-08-21T15:55:51.828,horizontal,23.22,25.72,1,0,0.0,TempBand+Watershed+Merge+ClustSml+ShapeGate+MinPeaks+P-Filter+EquipRej+SkinPrio+Omega+OmScale+OmSplit+OmRot+GradFarF+Kalman+StaticSup,horizontal best
cap_000377,2026-08-21T15:55:51.962,horizontal,23.15,25.65,1,0,0.0,TempBand+Watershed+Merge+ClustSml+ShapeGate+MinPeaks+P-Filter+EquipRej+SkinPrio+Omega+OmScale+OmSplit+OmRot+GradFarF+Kalman+StaticSup,horizontal best
cap_000378,2026-08-21T15:55:52.051,horizontal,23.10,25.60,1,0,0.0,TempBand+Watershed+Merge+ClustSml+ShapeGate+MinPeaks+P-Filter+EquipRej+SkinPrio+Omega+OmScale+OmSplit+OmRot+GradFarF+Kalman+StaticSup,horizontal best
cap_000379,2026-08-21T15:55:52.182,horizontal,23.08,25.58,1,0,0.0,TempBand+Watershed+Merge+ClustSml+ShapeGate+MinPeaks+P-Filter+EquipRej+SkinPrio+Omega+OmScale+OmSplit+OmRot+GradFarF+Kalman+StaticSup,horizontal best
cap_000380,2026-08-21T15:55:52.281,horizontal,23.05,25.55,1,0,0.0,TempBand+Watershed+Merge+ClustSml+ShapeGate+MinPeaks+P-Filter+EquipRej+SkinPrio+Omega+OmScale+OmSplit+OmRot+GradFarF+Kalman+StaticSup,horizontal best
cap_000381,2026-08-21T15:55:52.411,horizontal,23.03,25.53,2,2,0.4296121618298259,TempBand+Watershed+Merge+ClustSml+ShapeGate+MinPeaks+P-Filter+EquipRej+SkinPrio+Omega+OmScale+OmSplit+OmRot+GradFarF+Kalman+StaticSup,horizontal best
cap_000382,2026-08-21T15:55:52.510,horizontal,23.03,25.53,1,0,0.0,TempBand+Watershed+Merge+ClustSml+ShapeGate+MinPeaks+P-Filter+EquipRej+SkinPrio+Omega+OmScale+OmSplit+OmRot+GradFarF+Kalman+StaticSup,horizontal best
cap_000383,2026-08-21T15:55:52.628,horizontal,23.01,25.51,1,0,0.0,TempBand+Watershed+Merge+ClustSml+ShapeGate+MinPeaks+P-Filter+EquipRej+SkinPrio+Omega+OmScale+OmSplit+OmRot+GradFarF+Kalman+StaticSup,horizontal best
cap_000384,2026-08-21T15:55:52.767,horizontal,22.98,25.48,2,1,0.7499888279764712,TempBand+Watershed+Merge+ClustSml+ShapeGate+MinPeaks+P-Filter+EquipRej+SkinPrio+Omega+OmScale+OmSplit+OmRot+GradFarF+Kalman+StaticSup,horizontal best
cap_000385,2026-08-21T15:55:52.877,horizontal,22.96,25.46,2,2,0.9652656872448074,TempBand+Watershed+Merge+ClustSml+ShapeGate+MinPeaks+P-Filter+EquipRej+SkinPrio+Omega+OmScale+OmSplit+OmRot+GradFarF+Kalman+StaticSup,horizontal best
cap_000386,2026-08-21T15:55:52.988,horizontal,22.94,25.44,2,0,0.0,TempBand+Watershed+Merge+ClustSml+ShapeGate+MinPeaks+P-Filter+EquipRej+SkinPrio+Omega+OmScale+OmSplit+OmRot+GradFarF+Kalman+StaticSup,horizontal best
cap_000387,2026-08-21T15:55:53.079,horizontal,22.91,25.41,2,0,0.0,TempBand+Watershed+Merge+ClustSml+ShapeGate+MinPeaks+P-Filter+EquipRej+SkinPrio+Omega+OmScale+OmSplit+OmRot+GradFarF+Kalman+StaticSup,horizontal best
cap_000388,2026-08-21T15:55:53.213,horizontal,22.94,25.44,2,0,0.0,TempBand+Watershed+Merge+ClustSml+ShapeGate+MinPeaks+P-Filter+EquipRej+SkinPrio+Omega+OmScale+OmSplit+OmRot+GradFarF+Kalman+StaticSup,horizontal best
cap_000389,2026-08-21T15:55:53.305,horizontal,22.94,25.44,2,0,0.0,TempBand+Watershed+Merge+ClustSml+ShapeGate+MinPeaks+P-Filter+EquipRej+SkinPrio+Omega+OmScale+OmSplit+OmRot+GradFarF+Kalman+StaticSup,horizontal best
cap_000390,2026-08-21T15:55:53.437,horizontal,22.94,25.44,2,0,0.0,TempBand+Watershed+Merge+ClustSml+ShapeGate+MinPeaks+P-Filter+EquipRej+SkinPrio+Omega+OmScale+OmSplit+OmRot+GradFarF+Kalman+StaticSup,horizontal best
cap_000391,2026-08-21T15:55:53.530,horizontal,22.94,25.44,2,0,0.0,TempBand+Watershed+Merge+ClustSml+ShapeGate+MinPeaks+P-Filter+EquipRej+SkinPrio+Omega+OmScale+OmSplit+OmRot+GradFarF+Kalman+StaticSup,horizontal best
cap_000392,2026-08-21T15:55:53.659,horizontal,22.96,25.46,2,0,0.0,TempBand+Watershed+Merge+ClustSml+ShapeGate+MinPeaks+P-Filter+EquipRej+SkinPrio+Omega+OmScale+OmSplit+OmRot+GradFarF+Kalman+StaticSup,horizontal best
cap_000393,2026-08-21T15:55:53.787,horizontal,22.98,25.48,2,0,0.0,TempBand+Watershed+Merge+ClustSml+ShapeGate+MinPeaks+P-Filter+EquipRej+SkinPrio+Omega+OmScale+OmSplit+OmRot+GradFarF+Kalman+StaticSup,horizontal best
cap_000394,2026-08-21T15:55:53.884,horizontal,23.03,25.53,2,0,0.0,TempBand+Watershed+Merge+ClustSml+ShapeGate+MinPeaks+P-Filter+EquipRej+SkinPrio+Omega+OmScale+OmSplit+OmRot+GradFarF+Kalman+StaticSup,horizontal best
cap_000395,2026-08-21T15:55:54.012,horizontal,23.05,25.55,2,0,0.0,TempBand+Watershed+Merge+ClustSml+ShapeGate+MinPeaks+P-Filter+EquipRej+SkinPrio+Omega+OmScale+OmSplit+OmRot+GradFarF+Kalman+StaticSup,horizontal best
cap_000396,2026-08-21T15:55:54.109,horizontal,23.05,25.55,2,0,0.0,TempBand+Watershed+Merge+ClustSml+ShapeGate+MinPeaks+P-Filter+EquipRej+SkinPrio+Omega+OmScale+OmSplit+OmRot+GradFarF+Kalman+StaticSup,horizontal best
cap_000397,2026-08-21T15:55:54.236,horizontal,23.08,25.58,2,0,0.0,TempBand+Watershed+Merge+ClustSml+ShapeGate+MinPeaks+P-Filter+EquipRej+SkinPrio+Omega+OmScale+OmSplit+OmRot+GradFarF+Kalman+StaticSup,horizontal best
cap_000398,2026-08-21T15:55:54.333,horizontal,23.10,25.60,2,0,0.0,TempBand+Watershed+Merge+ClustSml+ShapeGate+MinPeaks+P-Filter+EquipRej+SkinPrio+Omega+OmScale+OmSplit+OmRot+GradFarF+Kalman+StaticSup,horizontal best
cap_000399,2026-08-21T15:55:54.459,horizontal,23.13,25.63,2,0,0.0,TempBand+Watershed+Merge+ClustSml+ShapeGate+MinPeaks+P-Filter+EquipRej+SkinPrio+Omega+OmScale+OmSplit+OmRot+GradFarF+Kalman+StaticSup,horizontal best
cap_000400,2026-08-21T15:55:54.592,horizontal,23.17,25.67,2,2,0.8419333966275254,TempBand+Watershed+Merge+ClustSml+ShapeGate+MinPeaks+P-Filter+EquipRej+SkinPrio+Omega+OmScale+OmSplit+OmRot+GradFarF+Kalman+StaticSup,horizontal best
cap_000401,2026-08-21T15:55:54.682,horizontal,23.22,25.72,2,0,0.0,TempBand+Watershed+Merge+ClustSml+ShapeGate+MinPeaks+P-Filter+EquipRej+SkinPrio+Omega+OmScale+OmSplit+OmRot+GradFarF+Kalman+StaticSup,horizontal best
cap_000402,2026-08-21T15:55:54.820,horizontal,23.24,25.74,2,2,0.9409240149553404,TempBand+Watershed+Merge+ClustSml+ShapeGate+MinPeaks+P-Filter+EquipRej+SkinPrio+Omega+OmScale+OmSplit+OmRot+GradFarF+Kalman+StaticSup,horizontal best
cap_000403,2026-08-21T15:55:54.910,horizontal,23.24,25.74,2,2,0.8411957805349488,TempBand+Watershed+Merge+ClustSml+ShapeGate+MinPeaks+P-Filter+EquipRej+SkinPrio+Omega+OmScale+OmSplit+OmRot+GradFarF+Kalman+StaticSup,horizontal best
cap_000404,2026-08-21T15:55:55.041,horizontal,23.27,25.77,2,2,0.9534235593910861,TempBand+Watershed+Merge+ClustSml+ShapeGate+MinPeaks+P-Filter+EquipRej+SkinPrio+Omega+OmScale+OmSplit+OmRot+GradFarF+Kalman+StaticSup,horizontal best
cap_000405,2026-08-21T15:55:55.132,horizontal,23.29,25.79,2,2,0.9400628927875901,TempBand+Watershed+Merge+ClustSml+ShapeGate+MinPeaks+P-Filter+EquipRej+SkinPrio+Omega+OmScale+OmSplit+OmRot+GradFarF+Kalman+StaticSup,horizontal best
cap_000406,2026-08-21T15:55:55.259,horizontal,23.34,25.84,2,2,0.9471095213434445,TempBand+Watershed+Merge+ClustSml+ShapeGate+MinPeaks+P-Filter+EquipRej+SkinPrio+Omega+OmScale+OmSplit+OmRot+GradFarF+Kalman+StaticSup,horizontal best
cap_000407,2026-08-21T15:55:55.356,horizontal,23.36,25.86,2,2,0.9847451391092756,TempBand+Watershed+Merge+ClustSml+ShapeGate+MinPeaks+P-Filter+EquipRej+SkinPrio+Omega+OmScale+OmSplit+OmRot+GradFarF+Kalman+StaticSup,horizontal best
cap_000408,2026-08-21T15:55:55.487,horizontal,23.36,25.86,2,1,0.8771115312289361,TempBand+Watershed+Merge+ClustSml+ShapeGate+MinPeaks+P-Filter+EquipRej+SkinPrio+Omega+OmScale+OmSplit+OmRot+GradFarF+Kalman+StaticSup,horizontal best
cap_000409,2026-08-21T15:55:55.617,horizontal,23.46,25.96,2,2,0.8009175732692958,TempBand+Watershed+Merge+ClustSml+ShapeGate+MinPeaks+P-Filter+EquipRej+SkinPrio+Omega+OmScale+OmSplit+OmRot+GradFarF+Kalman+StaticSup,horizontal best
cap_000410,2026-08-21T15:55:55.703,horizontal,23.46,25.96,1,0,0.0,TempBand+Watershed+Merge+ClustSml+ShapeGate+MinPeaks+P-Filter+EquipRej+SkinPrio+Omega+OmScale+OmSplit+OmRot+GradFarF+Kalman+StaticSup,horizontal best
cap_000411,2026-08-21T15:55:55.836,horizontal,23.46,25.96,1,0,0.0,TempBand+Watershed+Merge+ClustSml+ShapeGate+MinPeaks+P-Filter+EquipRej+SkinPrio+Omega+OmScale+OmSplit+OmRot+GradFarF+Kalman+StaticSup,horizontal best
cap_000412,2026-08-21T15:55:55.931,horizontal,23.46,25.96,1,0,0.0,TempBand+Watershed+Merge+ClustSml+ShapeGate+MinPeaks+P-Filter+EquipRej+SkinPrio+Omega+OmScale+OmSplit+OmRot+GradFarF+Kalman+StaticSup,horizontal best
cap_000413,2026-08-21T15:55:56.057,horizontal,23.51,26.01,1,0,0.0,TempBand+Watershed+Merge+ClustSml+ShapeGate+MinPeaks+P-Filter+EquipRej+SkinPrio+Omega+OmScale+OmSplit+OmRot+GradFarF+Kalman+StaticSup,horizontal best
cap_000414,2026-08-21T15:55:56.154,horizontal,23.51,26.01,1,0,0.0,TempBand+Watershed+Merge+ClustSml+ShapeGate+MinPeaks+P-Filter+EquipRej+SkinPrio+Omega+OmScale+OmSplit+OmRot+GradFarF+Kalman+StaticSup,horizontal best
cap_000415,2026-08-21T15:55:56.288,horizontal,23.58,26.08,1,0,0.0,TempBand+Watershed+Merge+ClustSml+ShapeGate+MinPeaks+P-Filter+EquipRej+SkinPrio+Omega+OmScale+OmSplit+OmRot+GradFarF+Kalman+StaticSup,horizontal best
cap_000416,2026-08-21T15:55:56.411,horizontal,23.59,26.09,1,0,0.0,TempBand+Watershed+Merge+ClustSml+ShapeGate+MinPeaks+P-Filter+EquipRej+SkinPrio+Omega+OmScale+OmSplit+OmRot+GradFarF+Kalman+StaticSup,horizontal best
cap_000417,2026-08-21T15:55:56.508,horizontal,23.60,26.10,1,0,0.0,TempBand+Watershed+Merge+ClustSml+ShapeGate+MinPeaks+P-Filter+EquipRej+SkinPrio+Omega+OmScale+OmSplit+OmRot+GradFarF+Kalman+StaticSup,horizontal best
cap_000418,2026-08-21T15:55:56.634,horizontal,23.62,26.12,1,0,0.0,TempBand+Watershed+Merge+ClustSml+ShapeGate+MinPeaks+P-Filter+EquipRej+SkinPrio+Omega+OmScale+OmSplit+OmRot+GradFarF+Kalman+StaticSup,horizontal best
cap_000419,2026-08-21T15:55:56.732,horizontal,23.67,26.17,1,0,0.0,TempBand+Watershed+Merge+ClustSml+ShapeGate+MinPeaks+P-Filter+EquipRej+SkinPrio+Omega+OmScale+OmSplit+OmRot+GradFarF+Kalman+StaticSup,horizontal best
cap_000420,2026-08-21T15:55:56.858,horizontal,23.70,26.20,1,0,0.0,TempBand+Watershed+Merge+ClustSml+ShapeGate+MinPeaks+P-Filter+EquipRej+SkinPrio+Omega+OmScale+OmSplit+OmRot+GradFarF+Kalman+StaticSup,horizontal best
cap_000421,2026-08-21T15:55:56.956,horizontal,23.72,26.22,1,0,0.0,TempBand+Watershed+Merge+ClustSml+ShapeGate+MinPeaks+P-Filter+EquipRej+SkinPrio+Omega+OmScale+OmSplit+OmRot+GradFarF+Kalman+StaticSup,horizontal best
cap_000422,2026-08-21T15:55:57.083,horizontal,23.74,26.24,1,0,0.0,TempBand+Watershed+Merge+ClustSml+ShapeGate+MinPeaks+P-Filter+EquipRej+SkinPrio+Omega+OmScale+OmSplit+OmRot+GradFarF+Kalman+StaticSup,horizontal best
cap_000423,2026-08-21T15:55:57.180,horizontal,23.81,26.31,1,0,0.0,TempBand+Watershed+Merge+ClustSml+ShapeGate+MinPeaks+P-Filter+EquipRej+SkinPrio+Omega+OmScale+OmSplit+OmRot+GradFarF+Kalman+StaticSup,horizontal best
cap_000424,2026-08-21T15:55:57.306,horizontal,23.86,26.36,1,0,0.0,TempBand+Watershed+Merge+ClustSml+ShapeGate+MinPeaks+P-Filter+EquipRej+SkinPrio+Omega+OmScale+OmSplit+OmRot+GradFarF+Kalman+StaticSup,horizontal best
cap_000425,2026-08-21T15:55:57.438,horizontal,23.86,26.36,1,0,0.0,TempBand+Watershed+Merge+ClustSml+ShapeGate+MinPeaks+P-Filter+EquipRej+SkinPrio+Omega+OmScale+OmSplit+OmRot+GradFarF+Kalman+StaticSup,horizontal best
cap_000426,2026-08-21T15:55:57.531,horizontal,23.86,26.36,1,0,0.0,TempBand+Watershed+Merge+ClustSml+ShapeGate+MinPeaks+P-Filter+EquipRej+SkinPrio+Omega+OmScale+OmSplit+OmRot+GradFarF+Kalman+StaticSup,horizontal best
cap_000427,2026-08-21T15:55:57.658,horizontal,23.86,26.36,1,0,0.0,TempBand+Watershed+Merge+ClustSml+ShapeGate+MinPeaks+P-Filter+EquipRej+SkinPrio+Omega+OmScale+OmSplit+OmRot+GradFarF+Kalman+StaticSup,horizontal best
cap_000428,2026-08-21T15:55:57.753,horizontal,23.86,26.36,1,0,0.0,TempBand+Watershed+Merge+ClustSml+ShapeGate+MinPeaks+P-Filter+EquipRej+SkinPrio+Omega+OmScale+OmSplit+OmRot+GradFarF+Kalman+StaticSup,horizontal best
cap_000429,2026-08-21T15:55:57.882,horizontal,23.86,26.36,1,0,0.0,TempBand+Watershed+Merge+ClustSml+ShapeGate+MinPeaks+P-Filter+EquipRej+SkinPrio+Omega+OmScale+OmSplit+OmRot+GradFarF+Kalman+StaticSup,horizontal best
cap_000430,2026-08-21T15:55:57.978,horizontal,23.86,26.36,1,0,0.0,TempBand+Watershed+Merge+ClustSml+ShapeGate+MinPeaks+P-Filter+EquipRej+SkinPrio+Omega+OmScale+OmSplit+OmRot+GradFarF+Kalman+StaticSup,horizontal best
cap_000431,2026-08-21T15:55:58.105,horizontal,23.88,26.38,1,0,0.0,TempBand+Watershed+Merge+ClustSml+ShapeGate+MinPeaks+P-Filter+EquipRej+SkinPrio+Omega+OmScale+OmSplit+OmRot+GradFarF+Kalman+StaticSup,horizontal best
cap_000432,2026-08-21T15:55:58.235,horizontal,23.88,26.38,1,0,0.0,TempBand+Watershed+Merge+ClustSml+ShapeGate+MinPeaks+P-Filter+EquipRej+SkinPrio+Omega+OmScale+OmSplit+OmRot+GradFarF+Kalman+StaticSup,horizontal best
cap_000433,2026-08-21T15:55:58.329,horizontal,23.91,26.41,1,0,0.0,TempBand+Watershed+Merge+ClustSml+ShapeGate+MinPeaks+P-Filter+EquipRej+SkinPrio+Omega+OmScale+OmSplit+OmRot+GradFarF+Kalman+StaticSup,horizontal best
cap_000434,2026-08-21T15:55:58.462,horizontal,23.91,26.41,1,0,0.0,TempBand+Watershed+Merge+ClustSml+ShapeGate+MinPeaks+P-Filter+EquipRej+SkinPrio+Omega+OmScale+OmSplit+OmRot+GradFarF+Kalman+StaticSup,horizontal best
cap_000435,2026-08-21T15:55:58.555,horizontal,23.91,26.41,1,0,0.0,TempBand+Watershed+Merge+ClustSml+ShapeGate+MinPeaks+P-Filter+EquipRej+SkinPrio+Omega+OmScale+OmSplit+OmRot+GradFarF+Kalman+StaticSup,horizontal best
cap_000436,2026-08-21T15:55:58.682,horizontal,23.95,26.45,1,0,0.0,TempBand+Watershed+Merge+ClustSml+ShapeGate+MinPeaks+P-Filter+EquipRej+SkinPrio+Omega+OmScale+OmSplit+OmRot+GradFarF+Kalman+StaticSup,horizontal best
cap_000437,2026-08-21T15:55:58.782,horizontal,23.93,26.43,1,0,0.0,TempBand+Watershed+Merge+ClustSml+ShapeGate+MinPeaks+P-Filter+EquipRej+SkinPrio+Omega+OmScale+OmSplit+OmRot+GradFarF+Kalman+StaticSup,horizontal best
cap_000438,2026-08-21T15:55:58.906,horizontal,23.98,26.48,1,0,0.0,TempBand+Watershed+Merge+ClustSml+ShapeGate+MinPeaks+P-Filter+EquipRej+SkinPrio+Omega+OmScale+OmSplit+OmRot+GradFarF+Kalman+StaticSup,horizontal best
cap_000439,2026-08-21T15:55:59.004,horizontal,23.95,26.45,1,0,0.0,TempBand+Watershed+Merge+ClustSml+ShapeGate+MinPeaks+P-Filter+EquipRej+SkinPrio+Omega+OmScale+OmSplit+OmRot+GradFarF+Kalman+StaticSup,horizontal best
cap_000440,2026-08-21T15:55:59.136,horizontal,23.95,26.45,1,0,0.0,TempBand+Watershed+Merge+ClustSml+ShapeGate+MinPeaks+P-Filter+EquipRej+SkinPrio+Omega+OmScale+OmSplit+OmRot+GradFarF+Kalman+StaticSup,horizontal best
cap_000441,2026-08-21T15:55:59.262,horizontal,23.98,26.48,1,0,0.0,TempBand+Watershed+Merge+ClustSml+ShapeGate+MinPeaks+P-Filter+EquipRej+SkinPrio+Omega+OmScale+OmSplit+OmRot+GradFarF+Kalman+StaticSup,horizontal best
