file,cluster,score,why,decision
cap_000000,0,-1.0000,MISS: 176px blob unboxed,approve
cap_000001,0,-1.0000,MISS: 175px blob unboxed,approve
cap_000002,0,-1.0000,MISS: 175px blob unboxed,approve
cap_000003,0,-1.0000,MISS: 176px blob unboxed,approve
cap_000004,0,-1.0000,MISS: 178px blob unboxed,approve
cap_000005,0,-1.0000,MISS: 177px blob unboxed,approve
cap_000006,0,-1.0000,MISS: 178px blob unboxed,approve
cap_000007,1,-1.0000,MISS: 175px blob unboxed,approve
cap_000008,1,-1.0000,MISS: 175px blob unboxed,approve
cap_000009,1,-1.0000,MISS: 178px blob unboxed,approve
cap_000010,1,-1.0000,MISS: 180px blob unboxed,approve
cap_000011,1,-1.0000,MISS: 180px blob unboxed,approve
cap_000012,1,-1.0000,MISS: 179px blob unboxed,approve
cap_000013,1,-1.0000,MISS: 179px blob unboxed,approve
cap_000014,1,-1.0000,MISS: 178px blob unboxed,approve
cap_000015,1,-1.0000,MISS: 179px blob unboxed,approve
cap_000016,2,-1.0000,MISS: 179px blob unboxed,approve
cap_000017,2,-1.0000,MISS: 179px blob unboxed,approve
cap_000018,2,-1.0000,MISS: 179px blob unboxed,approve
cap_000019,2,-1.0000,MISS: 176px blob unboxed,approve
cap_000020,2,-1.0000,MISS: 177px blob unboxed,approve
cap_000021,3,-1.0000,MISS: 172px blob unboxed,approve
cap_000022,3,-1.0000,MISS: 171px blob unboxed,approve
cap_000023,3,-1.0000,MISS: 171px blob unboxed,approve
cap_000024,3,-1.0000,MISS: 171px blob unboxed,approve
cap_000025,3,-1.0000,MISS: 173px blob unboxed,approve
cap_000026,3,-1.0000,MISS: 173px blob unboxed,approve
cap_000027,4,-1.0000,MISS: 181px blob unboxed,approve
cap_000028,4,-1.0000,MISS: 180px blob unboxed,approve
cap_000029,4,-1.0000,MISS: 180px blob unboxed,approve
cap_000030,4,-1.0000,MISS: 180px blob unboxed,approve
cap_000031,4,-1.0000,MISS: 179px blob unboxed,approve
cap_000032,4,-1.0000,MISS: 178px blob unboxed,approve
cap_000033,4,-1.0000,MISS: 173px blob unboxed,approve
cap_000034,4,-1.0000,MISS: 173px blob unboxed,approve
cap_000035,4,-1.0000,MISS: 173px blob unboxed,approve
cap_000036,5,-1.0000,MISS: 174px blob unboxed,approve
cap_000037,5,-1.0000,MISS: 173px blob unboxed,approve
cap_000038,5,-1.0000,MISS: 175px blob unboxed,approve
cap_000039,6,-1.0000,MISS: 174px blob unboxed,delete
cap_000040,6,-1.0000,MISS: 175px blob unboxed,delete
cap_000041,6,-1.0000,MISS: 174px blob unboxed,delete
cap_000042,7,-1.0000,MISS: 176px blob unboxed,approve
cap_000043,7,-1.0000,MISS: 172px blob unboxed,approve
cap_000044,7,-1.0000,MISS: 173px blob unboxed,delete
cap_000045,7,-1.0000,MISS: 173px blob unboxed,delete
cap_000046,8,-1.0000,MISS: 169px blob unboxed,approve
cap_000047,8,-1.0000,MISS: 170px blob unboxed,delete
cap_000048,8,-1.0000,MISS: 170px blob unboxed,delete
cap_000049,8,-1.0000,MISS: 171px blob unboxed,delete
cap_000050,8,-1.0000,MISS: 172px blob unboxed,delete
cap_000051,8,-1.0000,MISS: 170px blob unboxed,delete
cap_000052,9,-1.0000,MISS: 173px blob unboxed,approve
cap_000053,9,-1.0000,MISS: 174px blob unboxed,approve
cap_000054,10,-1.0000,MISS: 176px blob unboxed,approve
cap_000055,11,-1.0000,MISS: 172px blob unboxed,approve
cap_000056,12,-1.0000,MISS: 170px blob unboxed,approve
cap_000057,13,-1.0000,MISS: 170px blob unboxed,approve
cap_000058,14,-1.0000,MISS: 172px blob unboxed,approve
cap_000059,14,-1.0000,MISS: 170px blob unboxed,approve
cap_000060,15,-1.0000,MISS: 167px blob unboxed,delete
cap_000061,16,-1.0000,MISS: 163px blob unboxed,approve
cap_000062,16,-1.0000,MISS: 168px blob unboxed,approve
cap_000063,17,-1.0000,MISS: 165px blob unboxed,approve
cap_000064,18,-1.0000,MISS: 168px blob unboxed,approve
cap_000065,19,-1.0000,MISS: 167px blob unboxed,approve
cap_000066,20,-1.0000,MISS: 168px blob unboxed,approve
cap_000067,21,-1.0000,MISS: 164px blob unboxed,approve
cap_000068,22,-1.0000,MISS: 162px blob unboxed,approve
cap_000069,23,-1.0000,MISS: 164px blob unboxed,approve
cap_000070,24,-1.0000,MISS: 167px blob unboxed,approve
cap_000071,25,-1.0000,MISS: 164px blob unboxed,approve
cap_000072,26,-1.0000,MISS: 163px blob unboxed,approve
cap_000073,27,-1.0000,MISS: 166px blob unboxed,approve
cap_000074,28,-1.0000,MISS: 166px blob unboxed,approve
cap_000075,28,-1.0000,MISS: 164px blob unboxed,approve
cap_000076,28,-1.0000,MISS: 167px blob unboxed,approve
cap_000077,29,-1.0000,MISS: 167px blob unboxed,approve
cap_000078,29,-1.0000,MISS: 172px blob unboxed,approve
cap_000079,30,-1.0000,MISS: 175px blob unboxed,approve
cap_000080,30,-1.0000,MISS: 170px blob unboxed,approve
cap_000081,31,-1.0000,MISS: 175px blob unboxed,approve
cap_000082,32,-1.0000,MISS: 170px blob unboxed,approve
cap_000083,32,-1.0000,MISS: 169px blob unboxed,approve
cap_000084,33,-1.0000,MISS: 174px blob unboxed,delete
cap_000085,33,-1.0000,MISS: 175px blob unboxed,delete
cap_000086,34,-1.0000,MISS: 158px blob unboxed,approve
cap_000087,34,-1.0000,MISS: 161px blob unboxed,approve
cap_000088,34,-1.0000,MISS: 169px blob unboxed,approve
cap_000089,35,-1.0000,MISS: 174px blob unboxed,approve
cap_000090,35,-1.0000,MISS: 171px blob unboxed,approve
cap_000091,35,-1.0000,MISS: 174px blob unboxed,approve
cap_000092,35,-1.0000,MISS: 177px blob unboxed,approve
cap_000093,35,-1.0000,MISS: 170px blob unboxed,approve
cap_000094,35,-1.0000,MISS: 174px blob unboxed,approve
cap_000095,36,-1.0000,MISS: 174px blob unboxed,approve
cap_000096,36,-1.0000,MISS: 175px blob unboxed,approve
cap_000097,36,-1.0000,MISS: 174px blob unboxed,approve
cap_000098,36,-1.0000,MISS: 171px blob unboxed,approve
cap_000099,37,-1.0000,MISS: 169px blob unboxed,approve
cap_000100,37,-1.0000,MISS: 169px blob unboxed,approve
cap_000101,37,-1.0000,MISS: 168px blob unboxed,approve
cap_000102,38,-1.0000,MISS: 168px blob unboxed,approve
cap_000103,38,-1.0000,MISS: 167px blob unboxed,approve
cap_000104,38,-1.0000,MISS: 169px blob unboxed,approve
cap_000105,38,-1.0000,MISS: 169px blob unboxed,approve
cap_000106,39,-1.0000,MISS: 176px blob unboxed,approve
cap_000107,39,-1.0000,MISS: 176px blob unboxed,approve
cap_000108,40,-1.0000,MISS: 176px blob unboxed,approve
cap_000109,40,-1.0000,MISS: 176px blob unboxed,approve
cap_000110,40,-1.0000,MISS: 176px blob unboxed,approve
cap_000111,40,-1.0000,MISS: 171px blob unboxed,delete
cap_000112,40,-1.0000,MISS: 174px blob unboxed,approve
cap_000113,40,-1.0000,MISS: 174px blob unboxed,approve
cap_000114,41,-1.0000,MISS: 174px blob unboxed,approve
cap_000115,41,-1.0000,MISS: 170px blob unboxed,approve
cap_000116,41,-1.0000,MISS: 168px blob unboxed,approve
cap_000117,42,-1.0000,MISS: 167px blob unboxed,approve
cap_000118,42,-1.0000,MISS: 170px blob unboxed,approve
cap_000119,42,-1.0000,MISS: 169px blob unboxed,approve
cap_000120,43,-1.0000,MISS: 169px blob unboxed,approve
cap_000121,43,-1.0000,MISS: 169px blob unboxed,approve
cap_000122,44,-1.0000,MISS: 169px blob unboxed,approve
cap_000123,45,-1.0000,MISS: 169px blob unboxed,approve
cap_000124,46,-1.0000,MISS: 171px blob unboxed,approve
cap_000125,47,-1.0000,MISS: 171px blob unboxed,approve
cap_000126,48,-1.0000,MISS: 171px blob unboxed,approve
cap_000127,49,-1.0000,MISS: 172px blob unboxed,approve
cap_000128,50,-1.0000,MISS: 172px blob unboxed,approve
cap_000129,51,-1.0000,MISS: 171px blob unboxed,approve
cap_000130,51,-1.0000,MISS: 169px blob unboxed,approve
cap_000131,52,-1.0000,MISS: 171px blob unboxed,approve
cap_000132,53,-1.0000,MISS: 178px blob unboxed,approve
cap_000133,54,-1.0000,MISS: 171px blob unboxed,approve
cap_000134,55,-1.0000,MISS: 180px blob unboxed,approve
cap_000135,55,-1.0000,MISS: 180px blob unboxed,delete
cap_000136,56,-1.0000,MISS: 180px blob unboxed,approve
cap_000137,56,-1.0000,MISS: 176px blob unboxed,approve
cap_000138,57,-1.0000,MISS: 175px blob unboxed,approve
cap_000139,58,-1.0000,MISS: 175px blob unboxed,approve
cap_000140,59,-1.0000,MISS: 170px blob unboxed,approve
cap_000141,60,-1.0000,MISS: 165px blob unboxed,approve
cap_000142,61,-1.0000,MISS: 159px blob unboxed,approve
cap_000143,62,-1.0000,MISS: 163px blob unboxed,approve
cap_000144,62,-1.0000,MISS: 162px blob unboxed,approve
cap_000145,63,-1.0000,MISS: 161px blob unboxed,approve
cap_000146,64,-1.0000,MISS: 160px blob unboxed,approve
cap_000147,65,-1.0000,MISS: 163px blob unboxed,approve
cap_000148,66,-1.0000,MISS: 164px blob unboxed,approve
cap_000149,67,-1.0000,MISS: 163px blob unboxed,approve
cap_000150,68,-1.0000,MISS: 165px blob unboxed,approve
cap_000151,69,-1.0000,MISS: 166px blob unboxed,approve
cap_000152,70,-1.0000,MISS: 164px blob unboxed,approve
cap_000153,71,-1.0000,MISS: 163px blob unboxed,approve
cap_000154,71,-1.0000,MISS: 165px blob unboxed,approve
cap_000155,72,-1.0000,MISS: 162px blob unboxed,approve
cap_000156,72,-1.0000,MISS: 162px blob unboxed,approve
cap_000157,73,-1.0000,MISS: 156px blob unboxed,delete
cap_000158,73,-1.0000,MISS: 163px blob unboxed,delete
cap_000159,74,-1.0000,MISS: 174px blob unboxed,approve
cap_000160,74,-1.0000,MISS: 173px blob unboxed,approve
cap_000161,75,-1.0000,MISS: 171px blob unboxed,approve
cap_000162,75,-1.0000,MISS: 173px blob unboxed,approve
cap_000163,76,-1.0000,MISS: 172px blob unboxed,approve
cap_000164,76,-1.0000,MISS: 169px blob unboxed,approve
cap_000165,77,-1.0000,MISS: 168px blob unboxed,approve
cap_000166,77,-1.0000,MISS: 158px blob unboxed,delete
cap_000167,78,-1.0000,MISS: 161px blob unboxed,approve
cap_000168,79,-1.0000,MISS: 171px blob unboxed,approve
cap_000169,80,-1.0000,MISS: 164px blob unboxed,approve
cap_000170,81,-1.0000,MISS: 175px blob unboxed,approve
cap_000171,82,-1.0000,MISS: 174px blob unboxed,approve
cap_000172,83,-1.0000,MISS: 174px blob unboxed,approve
cap_000173,84,-1.0000,MISS: 171px blob unboxed,delete
cap_000174,84,-1.0000,MISS: 175px blob unboxed,delete
cap_000175,85,-1.0000,MISS: 175px blob unboxed,approve
cap_000176,85,-1.0000,MISS: 174px blob unboxed,approve
cap_000177,85,-1.0000,MISS: 172px blob unboxed,approve
cap_000178,86,-1.0000,MISS: 174px blob unboxed,approve
cap_000179,86,-1.0000,MISS: 174px blob unboxed,approve
cap_000180,87,-1.0000,MISS: 174px blob unboxed,approve
cap_000181,88,-1.0000,MISS: 172px blob unboxed,approve
cap_000182,88,-1.0000,MISS: 175px blob unboxed,approve
cap_000183,89,-1.0000,MISS: 173px blob unboxed,approve
cap_000184,90,-1.0000,MISS: 173px blob unboxed,approve
cap_000185,90,-1.0000,MISS: 167px blob unboxed,approve
cap_000186,90,-1.0000,MISS: 166px blob unboxed,approve
cap_000187,91,-1.0000,MISS: 170px blob unboxed,approve
cap_000188,91,-1.0000,MISS: 166px blob unboxed,approve
cap_000189,92,-1.0000,MISS: 166px blob unboxed,approve
cap_000190,92,-1.0000,MISS: 169px blob unboxed,approve
cap_000191,93,-1.0000,MISS: 164px blob unboxed,approve
cap_000192,93,-1.0000,MISS: 175px blob unboxed,approve
cap_000193,94,-1.0000,MISS: 173px blob unboxed,approve
cap_000194,94,-1.0000,MISS: 174px blob unboxed,approve
cap_000195,95,-1.0000,MISS: 174px blob unboxed,approve
cap_000196,95,-1.0000,MISS: 168px blob unboxed,approve
cap_000197,96,-1.0000,MISS: 176px blob unboxed,delete
cap_000198,96,-1.0000,MISS: 174px blob unboxed,delete
cap_000199,97,-1.0000,MISS: 174px blob unboxed,delete
cap_000200,98,-1.0000,MISS: 174px blob unboxed,approve
cap_000201,99,-1.0000,MISS: 171px blob unboxed,approve
cap_000202,100,-1.0000,MISS: 168px blob unboxed,approve
cap_000203,101,-1.0000,MISS: 168px blob unboxed,delete
cap_000204,102,-1.0000,MISS: 166px blob unboxed,approve
cap_000205,102,-1.0000,MISS: 168px blob unboxed,approve
cap_000206,103,-1.0000,MISS: 167px blob unboxed,approve
cap_000207,103,-1.0000,MISS: 167px blob unboxed,approve
cap_000208,104,-1.0000,MISS: 167px blob unboxed,approve
cap_000209,105,-1.0000,MISS: 167px blob unboxed,approve
cap_000210,106,-1.0000,MISS: 163px blob unboxed,approve
cap_000211,107,-1.0000,MISS: 164px blob unboxed,approve
cap_000212,107,-1.0000,MISS: 162px blob unboxed,approve
cap_000213,108,-1.0000,MISS: 166px blob unboxed,approve
cap_000214,109,-1.0000,MISS: 162px blob unboxed,approve
cap_000215,110,-1.0000,MISS: 162px blob unboxed,approve
cap_000216,111,-1.0000,MISS: 167px blob unboxed,approve
cap_000217,112,-1.0000,MISS: 169px blob unboxed,approve
cap_000218,113,-1.0000,MISS: 170px blob unboxed,approve
cap_000219,114,-1.0000,MISS: 176px blob unboxed,approve
cap_000220,115,-1.0000,MISS: 172px blob unboxed,approve
cap_000221,116,-1.0000,MISS: 178px blob unboxed,delete
cap_000222,117,-1.0000,MISS: 173px blob unboxed,approve
cap_000223,118,-1.0000,MISS: 170px blob unboxed,approve
cap_000224,119,-1.0000,MISS: 167px blob unboxed,delete
cap_000225,120,-1.0000,MISS: 175px blob unboxed,approve
cap_000226,121,-1.0000,MISS: 166px blob unboxed,approve
cap_000227,122,-1.0000,MISS: 165px blob unboxed,approve
cap_000228,123,-1.0000,MISS: 168px blob unboxed,approve
cap_000229,124,-1.0000,MISS: 170px blob unboxed,approve
cap_000230,124,-1.0000,MISS: 168px blob unboxed,approve
cap_000231,125,-1.0000,MISS: 164px blob unboxed,approve
cap_000232,125,-1.0000,MISS: 167px blob unboxed,approve
cap_000233,125,-1.0000,MISS: 168px blob unboxed,approve
cap_000234,125,-1.0000,MISS: 168px blob unboxed,approve
cap_000235,125,-1.0000,MISS: 168px blob unboxed,approve
cap_000236,126,-1.0000,MISS: 170px blob unboxed,approve
cap_000237,126,-1.0000,MISS: 171px blob unboxed,approve
cap_000238,127,-1.0000,MISS: 176px blob unboxed,approve
cap_000239,127,-1.0000,MISS: 164px blob unboxed,approve
cap_000240,128,-1.0000,MISS: 163px blob unboxed,approve
cap_000241,129,-1.0000,MISS: 166px blob unboxed,approve
cap_000242,130,-1.0000,MISS: 167px blob unboxed,approve
cap_000243,131,-1.0000,MISS: 166px blob unboxed,approve
cap_000244,132,-1.0000,MISS: 174px blob unboxed,approve
cap_000245,133,-1.0000,MISS: 170px blob unboxed,approve
cap_000246,134,-1.0000,MISS: 166px blob unboxed,approve
cap_000247,135,-1.0000,MISS: 169px blob unboxed,approve
cap_000248,135,-1.0000,MISS: 169px blob unboxed,approve
cap_000249,136,-1.0000,MISS: 169px blob unboxed,approve
cap_000250,137,-1.0000,MISS: 170px blob unboxed,approve
cap_000251,138,-1.0000,MISS: 172px blob unboxed,approve
cap_000252,139,-1.0000,MISS: 169px blob unboxed,approve
cap_000253,140,-1.0000,MISS: 169px blob unboxed,approve
cap_000254,141,-1.0000,MISS: 166px blob unboxed,approve
cap_000255,142,-1.0000,MISS: 168px blob unboxed,approve
cap_000256,143,-1.0000,MISS: 170px blob unboxed,approve
cap_000257,144,-1.0000,MISS: 168px blob unboxed,approve
cap_000258,144,-1.0000,MISS: 169px blob unboxed,approve
cap_000259,145,-1.0000,MISS: 167px blob unboxed,approve
cap_000260,146,-1.0000,MISS: 171px blob unboxed,approve
cap_000261,147,-1.0000,MISS: 175px blob unboxed,approve
cap_000262,147,-1.0000,MISS: 167px blob unboxed,approve
cap_000263,148,-1.0000,MISS: 167px blob unboxed,approve
cap_000264,148,-1.0000,MISS: 161px blob unboxed,approve
cap_000265,149,-1.0000,MISS: 159px blob unboxed,approve
cap_000266,150,-1.0000,MISS: 170px blob unboxed,approve
cap_000267,151,-1.0000,MISS: 174px blob unboxed,approve
cap_000268,152,-1.0000,MISS: 173px blob unboxed,approve
cap_000269,153,-1.0000,MISS: 173px blob unboxed,delete
cap_000270,153,-1.0000,MISS: 176px blob unboxed,delete
cap_000271,154,-1.0000,MISS: 176px blob unboxed,approve
cap_000272,154,-1.0000,MISS: 174px blob unboxed,approve
cap_000273,155,-1.0000,MISS: 177px blob unboxed,delete
cap_000274,156,-1.0000,MISS: 177px blob unboxed,approve
cap_000275,156,-1.0000,MISS: 178px blob unboxed,approve
cap_000276,157,-1.0000,MISS: 179px blob unboxed,approve
cap_000277,157,-1.0000,MISS: 180px blob unboxed,approve
cap_000278,158,-1.0000,MISS: 180px blob unboxed,approve
cap_000279,159,-1.0000,MISS: 180px blob unboxed,approve
cap_000280,160,-1.0000,MISS: 179px blob unboxed,approve
cap_000281,161,-1.0000,MISS: 176px blob unboxed,approve
cap_000282,162,-1.0000,MISS: 173px blob unboxed,approve
cap_000283,163,-1.0000,MISS: 175px blob unboxed,approve
cap_000284,164,-1.0000,MISS: 171px blob unboxed,approve
cap_000285,164,-1.0000,MISS: 170px blob unboxed,approve
cap_000286,165,-1.0000,MISS: 169px blob unboxed,approve
cap_000287,166,-1.0000,MISS: 169px blob unboxed,approve
cap_000288,167,-1.0000,MISS: 168px blob unboxed,approve
cap_000289,167,-1.0000,MISS: 168px blob unboxed,approve
cap_000290,168,-1.0000,MISS: 172px blob unboxed,approve
cap_000291,168,-1.0000,MISS: 172px blob unboxed,approve
cap_000292,169,-1.0000,MISS: 169px blob unboxed,approve
cap_000293,169,-1.0000,MISS: 169px blob unboxed,approve
cap_000294,169,-1.0000,MISS: 172px blob unboxed,approve
cap_000295,170,-1.0000,MISS: 173px blob unboxed,approve
cap_000296,170,-1.0000,MISS: 173px blob unboxed,approve
cap_000297,171,-1.0000,MISS: 177px blob unboxed,approve
cap_000298,171,-1.0000,MISS: 170px blob unboxed,approve
cap_000299,172,-1.0000,MISS: 175px blob unboxed,approve
cap_000300,172,-1.0000,MISS: 175px blob unboxed,approve
cap_000301,173,-1.0000,MISS: 172px blob unboxed,approve
cap_000302,173,-1.0000,MISS: 172px blob unboxed,approve
cap_000303,173,-1.0000,MISS: 171px blob unboxed,approve
cap_000304,174,-1.0000,MISS: 170px blob unboxed,approve
cap_000305,174,-1.0000,MISS: 170px blob unboxed,approve
cap_000306,175,-1.0000,MISS: 171px blob unboxed,approve
cap_000307,175,-1.0000,MISS: 169px blob unboxed,approve
cap_000308,176,-1.0000,MISS: 169px blob unboxed,approve
cap_000309,176,-1.0000,MISS: 166px blob unboxed,approve
cap_000310,177,-1.0000,MISS: 170px blob unboxed,approve
cap_000311,177,-1.0000,MISS: 180px blob unboxed,approve
cap_000312,178,-1.0000,MISS: 179px blob unboxed,approve
cap_000313,179,-1.0000,MISS: 179px blob unboxed,approve
cap_000314,180,-1.0000,MISS: 177px blob unboxed,delete
cap_000315,181,-1.0000,MISS: 176px blob unboxed,approve
cap_000316,182,-1.0000,MISS: 175px blob unboxed,approve
cap_000317,182,-1.0000,MISS: 176px blob unboxed,approve
cap_000318,183,-1.0000,MISS: 170px blob unboxed,approve
cap_000319,183,-1.0000,MISS: 172px blob unboxed,approve
cap_000320,184,-1.0000,MISS: 172px blob unboxed,delete
cap_000321,185,-1.0000,MISS: 172px blob unboxed,approve
cap_000322,186,-1.0000,MISS: 171px blob unboxed,approve
cap_000323,186,-1.0000,MISS: 180px blob unboxed,approve
cap_000324,187,-1.0000,MISS: 170px blob unboxed,approve
cap_000325,188,-1.0000,MISS: 170px blob unboxed,approve
cap_000326,189,-1.0000,MISS: 169px blob unboxed,approve
cap_000327,190,-1.0000,MISS: 169px blob unboxed,approve
cap_000328,191,-1.0000,MISS: 180px blob unboxed,approve
cap_000329,192,-1.0000,MISS: 169px blob unboxed,approve
cap_000330,193,-1.0000,MISS: 174px blob unboxed,approve
cap_000331,194,-1.0000,MISS: 173px blob unboxed,approve
cap_000332,195,-1.0000,MISS: 172px blob unboxed,approve
cap_000333,196,-1.0000,MISS: 174px blob unboxed,approve
cap_000334,197,-1.0000,MISS: 177px blob unboxed,approve
cap_000335,198,-1.0000,MISS: 170px blob unboxed,approve
cap_000336,199,-1.0000,MISS: 172px blob unboxed,approve
cap_000337,200,-1.0000,MISS: 174px blob unboxed,approve
cap_000338,201,-1.0000,MISS: 171px blob unboxed,approve
cap_000339,201,-1.0000,MISS: 177px blob unboxed,approve
cap_000340,202,-1.0000,MISS: 177px blob unboxed,approve
cap_000341,202,-1.0000,MISS: 177px blob unboxed,approve
cap_000342,203,-1.0000,MISS: 178px blob unboxed,approve
cap_000343,203,-1.0000,MISS: 175px blob unboxed,approve
cap_000344,204,-1.0000,MISS: 175px blob unboxed,approve
cap_000345,205,-1.0000,MISS: 174px blob unboxed,delete
cap_000346,205,-1.0000,MISS: 174px blob unboxed,delete
cap_000347,206,-1.0000,MISS: 180px blob unboxed,approve
cap_000348,206,-1.0000,MISS: 181px blob unboxed,approve
cap_000349,206,-1.0000,MISS: 182px blob unboxed,approve
cap_000350,207,-1.0000,MISS: 181px blob unboxed,approve
cap_000351,207,-1.0000,MISS: 181px blob unboxed,delete
cap_000352,207,-1.0000,MISS: 179px blob unboxed,approve
cap_000353,208,-1.0000,MISS: 177px blob unboxed,approve
cap_000354,208,-1.0000,MISS: 174px blob unboxed,approve
cap_000355,208,-1.0000,MISS: 174px blob unboxed,approve
cap_000356,209,-1.0000,MISS: 169px blob unboxed,approve
cap_000357,209,-1.0000,MISS: 168px blob unboxed,approve
cap_000358,209,-1.0000,MISS: 167px blob unboxed,approve
cap_000359,209,-1.0000,MISS: 167px blob unboxed,approve
cap_000360,210,-1.0000,MISS: 168px blob unboxed,approve
cap_000361,210,-1.0000,MISS: 176px blob unboxed,approve
cap_000362,210,-1.0000,MISS: 171px blob unboxed,approve
cap_000363,210,-1.0000,MISS: 176px blob unboxed,approve
cap_000364,210,-1.0000,MISS: 176px blob unboxed,approve
cap_000365,210,-1.0000,MISS: 174px blob unboxed,approve
cap_000366,210,-1.0000,MISS: 176px blob unboxed,approve
cap_000367,210,-1.0000,MISS: 176px blob unboxed,approve
cap_000368,210,-1.0000,MISS: 172px blob unboxed,approve
cap_000369,211,-1.0000,MISS: 179px blob unboxed,approve
cap_000370,211,-1.0000,MISS: 178px blob unboxed,approve
cap_000371,211,-1.0000,MISS: 176px blob unboxed,approve
cap_000372,211,-1.0000,MISS: 176px blob unboxed,approve
cap_000373,211,-1.0000,MISS: 169px blob unboxed,approve
cap_000374,211,-1.0000,MISS: 171px blob unboxed,approve
cap_000375,211,-1.0000,MISS: 169px blob unboxed,approve
cap_000376,212,-1.0000,MISS: 173px blob unboxed,approve
cap_000377,212,-1.0000,MISS: 172px blob unboxed,approve
cap_000378,212,-1.0000,MISS: 178px blob unboxed,approve
cap_000379,212,-1.0000,MISS: 178px blob unboxed,approve
cap_000380,212,-1.0000,MISS: 181px blob unboxed,approve
cap_000381,212,-1.0000,MISS: 181px blob unboxed,approve
cap_000382,212,-1.0000,MISS: 175px blob unboxed,approve
cap_000383,213,-1.0000,MISS: 188px blob unboxed,approve
cap_000384,213,-1.0000,MISS: 189px blob unboxed,delete
cap_000385,213,-1.0000,MISS: 190px blob unboxed,delete
cap_000386,214,-1.0000,MISS: 193px blob unboxed,approve
cap_000387,215,-1.0000,MISS: 191px blob unboxed,approve
cap_000388,216,-1.0000,MISS: 180px blob unboxed,delete
cap_000389,216,-1.0000,MISS: 191px blob unboxed,delete
cap_000390,217,-1.0000,MISS: 183px blob unboxed,delete
cap_000391,218,-1.0000,MISS: 184px blob unboxed,delete
cap_000392,218,-1.0000,MISS: 183px blob unboxed,delete
cap_000393,219,-1.0000,MISS: 189px blob unboxed,delete
cap_000394,220,-1.0000,MISS: 180px blob unboxed,delete
cap_000395,221,-1.0000,MISS: 195px blob unboxed,delete
cap_000396,222,-1.0000,MISS: 192px blob unboxed,delete
cap_000397,223,-1.0000,MISS: 190px blob unboxed,delete
cap_000398,223,-1.0000,MISS: 199px blob unboxed,delete
cap_000399,223,-1.0000,MISS: 190px blob unboxed,delete
cap_000400,224,-1.0000,MISS: 189px blob unboxed,delete
cap_000401,224,-1.0000,MISS: 194px blob unboxed,delete
cap_000402,225,-1.0000,MISS: 192px blob unboxed,delete
cap_000403,226,-1.0000,MISS: 192px blob unboxed,delete
cap_000404,227,-1.0000,MISS: 189px blob unboxed,delete
cap_000405,228,-1.0000,MISS: 186px blob unboxed,delete
cap_000406,229,-1.0000,MISS: 186px blob unboxed,delete
cap_000407,230,-1.0000,MISS: 185px blob unboxed,delete
cap_000408,231,-1.0000,MISS: 183px blob unboxed,delete
cap_000409,232,-1.0000,MISS: 183px blob unboxed,delete
cap_000410,233,-1.0000,MISS: 184px blob unboxed,delete
cap_000411,234,-1.0000,MISS: 182px blob unboxed,delete
cap_000412,235,-1.0000,MISS: 182px blob unboxed,delete
cap_000413,236,-1.0000,MISS: 187px blob unboxed,delete
cap_000414,237,-1.0000,MISS: 184px blob unboxed,approve
cap_000415,238,-1.0000,MISS: 182px blob unboxed,delete
cap_000416,239,-1.0000,MISS: 182px blob unboxed,approve
cap_000417,240,-1.0000,MISS: 181px blob unboxed,approve
cap_000418,241,-1.0000,MISS: 177px blob unboxed,delete
cap_000419,241,-1.0000,MISS: 176px blob unboxed,approve
cap_000420,242,-1.0000,MISS: 176px blob unboxed,delete
cap_000421,242,-1.0000,MISS: 176px blob unboxed,delete
cap_000422,242,-1.0000,MISS: 176px blob unboxed,delete
cap_000423,243,-1.0000,MISS: 175px blob unboxed,approve
cap_000424,244,-1.0000,MISS: 176px blob unboxed,approve
cap_000425,245,-1.0000,MISS: 176px blob unboxed,delete
cap_000426,245,-1.0000,MISS: 175px blob unboxed,delete
cap_000427,246,-1.0000,MISS: 177px blob unboxed,approve
cap_000428,246,-1.0000,MISS: 178px blob unboxed,approve
cap_000429,247,-1.0000,MISS: 181px blob unboxed,delete
cap_000430,247,-1.0000,MISS: 178px blob unboxed,delete
cap_000431,248,-1.0000,MISS: 178px blob unboxed,delete
cap_000432,248,-1.0000,MISS: 182px blob unboxed,delete
cap_000433,249,-1.0000,MISS: 181px blob unboxed,delete
cap_000434,249,-1.0000,MISS: 181px blob unboxed,delete
cap_000435,249,-1.0000,MISS: 181px blob unboxed,delete
cap_000436,250,-1.0000,MISS: 178px blob unboxed,approve
cap_000437,250,-1.0000,MISS: 178px blob unboxed,approve
cap_000438,251,-1.0000,MISS: 179px blob unboxed,delete
cap_000439,252,-1.0000,MISS: 176px blob unboxed,delete
cap_000440,253,-1.0000,MISS: 176px blob unboxed,delete
cap_000441,254,-1.0000,MISS: 177px blob unboxed,delete
cap_000442,255,-1.0000,MISS: 180px blob unboxed,delete
cap_000443,256,-1.0000,MISS: 182px blob unboxed,delete
cap_000444,257,-1.0000,MISS: 179px blob unboxed,delete
cap_000445,258,-1.0000,MISS: 175px blob unboxed,delete
cap_000446,259,-1.0000,MISS: 176px blob unboxed,delete
cap_000447,260,-1.0000,MISS: 176px blob unboxed,delete
cap_000448,261,-1.0000,MISS: 176px blob unboxed,delete
cap_000449,261,-1.0000,MISS: 176px blob unboxed,delete
cap_000450,262,-1.0000,MISS: 177px blob unboxed,delete
cap_000451,262,-1.0000,MISS: 176px blob unboxed,delete
cap_000452,263,-1.0000,MISS: 176px blob unboxed,delete
cap_000453,263,-1.0000,MISS: 176px blob unboxed,delete
cap_000454,264,-1.0000,MISS: 176px blob unboxed,delete
cap_000455,264,-1.0000,MISS: 180px blob unboxed,delete
cap_000456,265,-1.0000,MISS: 176px blob unboxed,delete
cap_000457,266,-1.0000,MISS: 177px blob unboxed,delete
cap_000458,267,-1.0000,MISS: 171px blob unboxed,delete
cap_000459,268,-1.0000,MISS: 176px blob unboxed,delete
cap_000460,269,-1.0000,MISS: 168px blob unboxed,delete
cap_000461,270,-1.0000,MISS: 167px blob unboxed,delete
cap_000462,271,-1.0000,MISS: 169px blob unboxed,delete
cap_000463,272,-1.0000,MISS: 172px blob unboxed,delete
cap_000464,272,-1.0000,MISS: 173px blob unboxed,delete
cap_000465,273,-1.0000,MISS: 173px blob unboxed,delete
cap_000466,273,-1.0000,MISS: 180px blob unboxed,delete
cap_000467,274,-1.0000,MISS: 184px blob unboxed,delete
cap_000468,275,-1.0000,MISS: 183px blob unboxed,delete
cap_000469,276,-1.0000,MISS: 179px blob unboxed,delete
cap_000470,277,-1.0000,MISS: 182px blob unboxed,delete
cap_000471,278,-1.0000,MISS: 180px blob unboxed,delete
cap_000472,279,-1.0000,MISS: 179px blob unboxed,delete
cap_000473,280,-1.0000,MISS: 178px blob unboxed,delete
cap_000474,281,-1.0000,MISS: 184px blob unboxed,delete
cap_000475,282,-1.0000,MISS: 183px blob unboxed,delete
cap_000476,283,-1.0000,MISS: 179px blob unboxed,delete
cap_000477,284,-1.0000,MISS: 183px blob unboxed,delete
cap_000478,285,-1.0000,MISS: 180px blob unboxed,delete
cap_000479,286,-1.0000,MISS: 179px blob unboxed,delete
cap_000480,287,-1.0000,MISS: 172px blob unboxed,delete
cap_000481,288,-1.0000,MISS: 172px blob unboxed,delete
cap_000482,289,-1.0000,MISS: 172px blob unboxed,delete
cap_000483,290,-1.0000,MISS: 173px blob unboxed,delete
cap_000484,291,-1.0000,MISS: 179px blob unboxed,delete
cap_000485,292,-1.0000,MISS: 179px blob unboxed,delete
cap_000486,293,-1.0000,MISS: 165px blob unboxed,delete
cap_000487,294,-1.0000,MISS: 173px blob unboxed,delete
cap_000488,295,-1.0000,MISS: 180px blob unboxed,delete
cap_000489,295,-1.0000,MISS: 179px blob unboxed,delete
cap_000490,296,-1.0000,MISS: 181px blob unboxed,delete
cap_000491,297,-1.0000,MISS: 180px blob unboxed,delete
cap_000492,298,-1.0000,MISS: 171px blob unboxed,delete
cap_000493,299,-1.0000,MISS: 168px blob unboxed,delete
cap_000494,300,-1.0000,MISS: 167px blob unboxed,delete
cap_000495,301,-1.0000,MISS: 176px blob unboxed,delete
cap_000496,302,-1.0000,MISS: 174px blob unboxed,delete
cap_000497,303,-1.0000,MISS: 174px blob unboxed,delete
cap_000498,303,-1.0000,MISS: 175px blob unboxed,delete
cap_000499,304,-1.0000,MISS: 174px blob unboxed,delete
cap_000500,304,-1.0000,MISS: 174px blob unboxed,delete
cap_000501,305,-1.0000,MISS: 172px blob unboxed,delete
cap_000502,306,-1.0000,MISS: 174px blob unboxed,delete
cap_000503,307,-1.0000,MISS: 176px blob unboxed,delete
cap_000504,308,-1.0000,MISS: 173px blob unboxed,delete
cap_000505,309,-1.0000,MISS: 178px blob unboxed,delete
cap_000506,310,-1.0000,MISS: 177px blob unboxed,delete
cap_000507,311,-1.0000,MISS: 173px blob unboxed,delete
cap_000508,312,-1.0000,MISS: 171px blob unboxed,delete
cap_000509,313,-1.0000,MISS: 174px blob unboxed,delete
cap_000510,314,-1.0000,MISS: 177px blob unboxed,approve
cap_000511,315,-1.0000,MISS: 172px blob unboxed,approve
cap_000512,316,-1.0000,MISS: 173px blob unboxed,delete
cap_000513,317,-1.0000,MISS: 173px blob unboxed,delete
cap_000514,318,-1.0000,MISS: 175px blob unboxed,delete
cap_000515,318,-1.0000,MISS: 175px blob unboxed,delete
cap_000516,319,-1.0000,MISS: 173px blob unboxed,delete
cap_000517,320,-1.0000,MISS: 174px blob unboxed,delete
cap_000518,321,-1.0000,MISS: 178px blob unboxed,delete
cap_000519,322,-1.0000,MISS: 182px blob unboxed,delete
cap_000520,323,-1.0000,MISS: 170px blob unboxed,delete
cap_000521,323,-1.0000,MISS: 167px blob unboxed,delete
cap_000522,324,-1.0000,MISS: 177px blob unboxed,delete
cap_000523,324,-1.0000,MISS: 180px blob unboxed,delete
cap_000524,324,-1.0000,MISS: 180px blob unboxed,delete
cap_000525,325,-1.0000,MISS: 181px blob unboxed,delete
cap_000526,325,-1.0000,MISS: 178px blob unboxed,delete
cap_000527,326,-1.0000,MISS: 184px blob unboxed,delete
cap_000528,327,-1.0000,MISS: 182px blob unboxed,delete
cap_000529,327,-1.0000,MISS: 184px blob unboxed,delete
cap_000530,327,-1.0000,MISS: 188px blob unboxed,delete
cap_000531,328,-1.0000,MISS: 188px blob unboxed,delete
cap_000532,328,-1.0000,MISS: 181px blob unboxed,delete
cap_000533,328,-1.0000,MISS: 187px blob unboxed,delete
cap_000534,329,-1.0000,MISS: 187px blob unboxed,delete
cap_000535,329,-1.0000,MISS: 186px blob unboxed,delete
cap_000536,330,-1.0000,MISS: 185px blob unboxed,delete
cap_000537,330,-1.0000,MISS: 182px blob unboxed,delete
cap_000538,331,-1.0000,MISS: 178px blob unboxed,delete
cap_000539,332,-1.0000,MISS: 180px blob unboxed,delete
cap_000540,333,-1.0000,MISS: 180px blob unboxed,delete
cap_000541,334,-1.0000,MISS: 179px blob unboxed,delete
cap_000542,335,-1.0000,MISS: 176px blob unboxed,delete
cap_000543,336,-1.0000,MISS: 178px blob unboxed,delete
cap_000544,337,-1.0000,MISS: 175px blob unboxed,delete
cap_000545,338,-1.0000,MISS: 172px blob unboxed,delete
cap_000546,339,-1.0000,MISS: 171px blob unboxed,delete
cap_000547,340,-1.0000,MISS: 176px blob unboxed,delete
cap_000548,341,-1.0000,MISS: 173px blob unboxed,delete
cap_000549,342,-1.0000,MISS: 172px blob unboxed,delete
cap_000550,343,-1.0000,MISS: 171px blob unboxed,delete
cap_000551,344,-1.0000,MISS: 180px blob unboxed,delete
cap_000552,345,-1.0000,MISS: 177px blob unboxed,delete
cap_000553,346,-1.0000,MISS: 177px blob unboxed,delete
cap_000554,347,-1.0000,MISS: 174px blob unboxed,delete
cap_000555,348,-1.0000,MISS: 176px blob unboxed,delete
cap_000556,349,-1.0000,MISS: 171px blob unboxed,delete
cap_000557,350,-1.0000,MISS: 173px blob unboxed,delete
cap_000558,351,-1.0000,MISS: 174px blob unboxed,delete
cap_000559,352,-1.0000,MISS: 177px blob unboxed,delete
cap_000560,353,-1.0000,MISS: 176px blob unboxed,delete
cap_000561,354,-1.0000,MISS: 172px blob unboxed,delete
cap_000562,355,-1.0000,MISS: 171px blob unboxed,delete
cap_000563,356,-1.0000,MISS: 173px blob unboxed,delete
cap_000564,356,-1.0000,MISS: 172px blob unboxed,delete
cap_000565,357,-1.0000,MISS: 173px blob unboxed,delete
cap_000566,358,-1.0000,MISS: 174px blob unboxed,delete
cap_000567,359,-1.0000,MISS: 174px blob unboxed,delete
cap_000568,360,-1.0000,MISS: 175px blob unboxed,delete
cap_000569,361,-1.0000,MISS: 176px blob unboxed,delete
cap_000570,362,-1.0000,MISS: 176px blob unboxed,delete
cap_000571,363,-1.0000,MISS: 174px blob unboxed,delete
cap_000572,364,-1.0000,MISS: 173px blob unboxed,delete
cap_000573,365,-1.0000,MISS: 172px blob unboxed,delete
cap_000574,366,-1.0000,MISS: 173px blob unboxed,delete
cap_000575,367,-1.0000,MISS: 174px blob unboxed,delete
cap_000576,368,-1.0000,MISS: 178px blob unboxed,delete
cap_000577,369,-1.0000,MISS: 179px blob unboxed,delete
cap_000578,370,-1.0000,MISS: 174px blob unboxed,delete
cap_000579,371,-1.0000,MISS: 175px blob unboxed,delete
cap_000580,372,-1.0000,MISS: 176px blob unboxed,delete
cap_000581,373,-1.0000,MISS: 175px blob unboxed,delete
cap_000582,374,-1.0000,MISS: 177px blob unboxed,delete
cap_000583,375,-1.0000,MISS: 160px blob unboxed,delete
cap_000584,376,-1.0000,MISS: 174px blob unboxed,delete
cap_000585,377,-1.0000,MISS: 177px blob unboxed,delete
cap_000586,378,-1.0000,MISS: 174px blob unboxed,delete
cap_000587,379,-1.0000,MISS: 176px blob unboxed,delete
cap_000588,380,-1.0000,MISS: 178px blob unboxed,delete
cap_000589,381,-1.0000,MISS: 173px blob unboxed,delete
cap_000590,382,-1.0000,MISS: 173px blob unboxed,delete
cap_000591,383,-1.0000,MISS: 168px blob unboxed,delete
cap_000592,384,-1.0000,MISS: 165px blob unboxed,delete
cap_000593,385,-1.0000,MISS: 170px blob unboxed,delete
cap_000594,386,-1.0000,MISS: 173px blob unboxed,delete
cap_000595,387,-1.0000,MISS: 174px blob unboxed,delete
cap_000596,388,-1.0000,MISS: 173px blob unboxed,delete
cap_000597,389,-1.0000,MISS: 177px blob unboxed,delete
cap_000598,390,-1.0000,MISS: 177px blob unboxed,delete
cap_000599,391,-1.0000,MISS: 183px blob unboxed,delete
cap_000600,392,-1.0000,MISS: 177px blob unboxed,delete
cap_000601,393,-1.0000,MISS: 176px blob unboxed,delete
cap_000602,394,-1.0000,MISS: 178px blob unboxed,delete
cap_000603,395,-1.0000,MISS: 180px blob unboxed,delete
cap_000604,396,-1.0000,MISS: 181px blob unboxed,delete
cap_000605,397,-1.0000,MISS: 180px blob unboxed,approve
cap_000606,398,-1.0000,MISS: 181px blob unboxed,approve
cap_000607,399,-1.0000,MISS: 184px blob unboxed,approve
cap_000608,400,-1.0000,MISS: 176px blob unboxed,delete
cap_000609,401,-1.0000,MISS: 174px blob unboxed,delete
cap_000610,402,-1.0000,MISS: 166px blob unboxed,delete
cap_000611,403,-1.0000,MISS: 172px blob unboxed,approve
cap_000612,404,-1.0000,MISS: 172px blob unboxed,delete
cap_000613,405,-1.0000,MISS: 173px blob unboxed,delete
cap_000614,406,-1.0000,MISS: 171px blob unboxed,delete
cap_000615,407,-1.0000,MISS: 173px blob unboxed,delete
cap_000616,408,-1.0000,MISS: 170px blob unboxed,delete
cap_000617,409,-1.0000,MISS: 173px blob unboxed,delete
cap_000618,410,-1.0000,MISS: 173px blob unboxed,delete
cap_000619,411,-1.0000,MISS: 173px blob unboxed,delete
cap_000620,412,-1.0000,MISS: 171px blob unboxed,delete
cap_000621,413,-1.0000,MISS: 156px blob unboxed,delete
cap_000622,414,-1.0000,MISS: 151px blob unboxed,delete
cap_000623,415,-1.0000,MISS: 150px blob unboxed,approve
cap_000624,416,-1.0000,MISS: 148px blob unboxed,delete
cap_000625,417,-1.0000,MISS: 145px blob unboxed,delete
cap_000626,418,-1.0000,MISS: 156px blob unboxed,delete
cap_000627,419,-1.0000,MISS: 158px blob unboxed,delete
cap_000628,420,-1.0000,MISS: 146px blob unboxed,delete
cap_000629,421,-1.0000,MISS: 146px blob unboxed,delete
cap_000630,422,-1.0000,MISS: 146px blob unboxed,delete
cap_000631,423,-1.0000,MISS: 146px blob unboxed,delete
cap_000632,424,-1.0000,MISS: 157px blob unboxed,delete
cap_000633,425,-1.0000,MISS: 158px blob unboxed,delete
cap_000634,426,-1.0000,MISS: 163px blob unboxed,delete
cap_000635,427,-1.0000,MISS: 160px blob unboxed,delete
cap_000636,428,-1.0000,MISS: 158px blob unboxed,delete
cap_000637,429,-1.0000,MISS: 158px blob unboxed,delete
cap_000638,430,-1.0000,MISS: 158px blob unboxed,delete
cap_000639,430,-1.0000,MISS: 157px blob unboxed,delete
cap_000640,431,-1.0000,MISS: 158px blob unboxed,delete
cap_000641,432,-1.0000,MISS: 159px blob unboxed,delete
cap_000642,433,-1.0000,MISS: 158px blob unboxed,delete
cap_000643,434,-1.0000,MISS: 163px blob unboxed,delete
cap_000644,435,-1.0000,MISS: 165px blob unboxed,delete
cap_000645,436,-1.0000,MISS: 163px blob unboxed,delete
cap_000646,437,-1.0000,MISS: 165px blob unboxed,delete
cap_000647,438,-1.0000,MISS: 168px blob unboxed,delete
cap_000648,439,-1.0000,MISS: 159px blob unboxed,delete
cap_000649,440,-1.0000,MISS: 166px blob unboxed,delete
cap_000650,441,-1.0000,MISS: 166px blob unboxed,delete
cap_000651,442,-1.0000,MISS: 161px blob unboxed,delete
cap_000652,443,-1.0000,MISS: 159px blob unboxed,delete
cap_000653,444,-1.0000,MISS: 159px blob unboxed,delete
cap_000654,445,-1.0000,MISS: 163px blob unboxed,delete
cap_000655,446,-1.0000,MISS: 169px blob unboxed,delete
cap_000656,446,-1.0000,MISS: 164px blob unboxed,delete
cap_000657,447,-1.0000,MISS: 167px blob unboxed,delete
cap_000658,447,-1.0000,MISS: 162px blob unboxed,delete
cap_000659,448,-1.0000,MISS: 161px blob unboxed,approve
cap_000660,449,-1.0000,MISS: 163px blob unboxed,delete
cap_000661,450,-1.0000,MISS: 165px blob unboxed,delete
cap_000662,451,-1.0000,MISS: 164px blob unboxed,delete
cap_000663,452,-1.0000,MISS: 152px blob unboxed,delete
cap_000664,453,-1.0000,MISS: 150px blob unboxed,delete
cap_000665,454,-1.0000,MISS: 168px blob unboxed,delete
cap_000666,455,-1.0000,MISS: 167px blob unboxed,delete
cap_000667,456,-1.0000,MISS: 162px blob unboxed,delete
cap_000668,457,-1.0000,MISS: 160px blob unboxed,delete
cap_000669,458,-1.0000,MISS: 163px blob unboxed,delete
cap_000670,459,-1.0000,MISS: 164px blob unboxed,delete
cap_000671,460,-1.0000,MISS: 164px blob unboxed,delete
cap_000672,460,-1.0000,MISS: 164px blob unboxed,delete
cap_000673,461,-1.0000,MISS: 162px blob unboxed,delete
cap_000674,462,-1.0000,MISS: 162px blob unboxed,delete
cap_000675,463,-1.0000,MISS: 159px blob unboxed,delete
cap_000676,464,-1.0000,MISS: 161px blob unboxed,delete
cap_000677,464,-1.0000,MISS: 161px blob unboxed,delete
cap_000678,464,-1.0000,MISS: 158px blob unboxed,delete
cap_000679,465,-1.0000,MISS: 159px blob unboxed,delete
cap_000680,465,-1.0000,MISS: 160px blob unboxed,delete
cap_000681,466,-1.0000,MISS: 159px blob unboxed,delete
cap_000682,466,-1.0000,MISS: 162px blob unboxed,delete
cap_000683,466,-1.0000,MISS: 160px blob unboxed,delete
cap_000684,466,-1.0000,MISS: 160px blob unboxed,delete
cap_000685,466,-1.0000,MISS: 162px blob unboxed,delete
cap_000686,467,-1.0000,MISS: 159px blob unboxed,approve
cap_000687,467,-1.0000,MISS: 160px blob unboxed,approve
cap_000688,468,-1.0000,MISS: 161px blob unboxed,delete
cap_000689,468,-1.0000,MISS: 158px blob unboxed,delete
cap_000690,469,-1.0000,MISS: 155px blob unboxed,approve
cap_000691,469,-1.0000,MISS: 163px blob unboxed,delete
cap_000692,469,-1.0000,MISS: 155px blob unboxed,delete
cap_000693,470,-1.0000,MISS: 153px blob unboxed,delete
cap_000694,470,-1.0000,MISS: 152px blob unboxed,delete
cap_000695,470,-1.0000,MISS: 155px blob unboxed,delete
cap_000696,470,-1.0000,MISS: 153px blob unboxed,delete
cap_000697,471,-1.0000,MISS: 156px blob unboxed,delete
cap_000698,471,-1.0000,MISS: 155px blob unboxed,delete
cap_000699,471,-1.0000,MISS: 159px blob unboxed,delete
cap_000700,471,-1.0000,MISS: 159px blob unboxed,delete
cap_000701,472,-1.0000,MISS: 145px blob unboxed,delete
cap_000702,472,-1.0000,MISS: 146px blob unboxed,delete
cap_000703,473,-1.0000,MISS: 145px blob unboxed,approve
cap_000704,473,-1.0000,MISS: 147px blob unboxed,delete
cap_000705,474,-1.0000,MISS: 160px blob unboxed,delete
cap_000706,474,-1.0000,MISS: 166px blob unboxed,delete
cap_000707,474,-1.0000,MISS: 166px blob unboxed,delete
cap_000708,475,-1.0000,MISS: 166px blob unboxed,delete
cap_000709,476,-1.0000,MISS: 165px blob unboxed,approve
cap_000710,477,-1.0000,MISS: 164px blob unboxed,approve
cap_000711,478,-1.0000,MISS: 162px blob unboxed,delete
cap_000712,479,-1.0000,MISS: 161px blob unboxed,delete
cap_000713,480,-1.0000,MISS: 162px blob unboxed,delete
cap_000714,481,-1.0000,MISS: 161px blob unboxed,delete
cap_000715,482,-1.0000,MISS: 158px blob unboxed,delete
cap_000716,483,-1.0000,MISS: 158px blob unboxed,delete
cap_000717,484,-1.0000,MISS: 158px blob unboxed,delete
cap_000718,485,-1.0000,MISS: 155px blob unboxed,delete
cap_000719,486,-1.0000,MISS: 156px blob unboxed,delete
cap_000720,487,-1.0000,MISS: 151px blob unboxed,delete
cap_000721,488,-1.0000,MISS: 155px blob unboxed,delete
cap_000722,489,-1.0000,MISS: 152px blob unboxed,delete
cap_000723,490,-1.0000,MISS: 153px blob unboxed,delete
cap_000724,491,-1.0000,MISS: 149px blob unboxed,delete
cap_000725,492,-1.0000,MISS: 157px blob unboxed,delete
cap_000726,493,-1.0000,MISS: 158px blob unboxed,delete
cap_000727,494,-1.0000,MISS: 163px blob unboxed,delete
cap_000728,495,-1.0000,MISS: 163px blob unboxed,delete
cap_000729,496,-1.0000,MISS: 156px blob unboxed,delete
cap_000730,497,-1.0000,MISS: 156px blob unboxed,delete
cap_000731,498,-1.0000,MISS: 155px blob unboxed,delete
cap_000732,498,-1.0000,MISS: 158px blob unboxed,delete
cap_000733,498,-1.0000,MISS: 156px blob unboxed,delete
cap_000734,499,-1.0000,MISS: 165px blob unboxed,delete
cap_000735,499,-1.0000,MISS: 163px blob unboxed,delete
cap_000736,499,-1.0000,MISS: 158px blob unboxed,delete
cap_000737,500,-1.0000,MISS: 157px blob unboxed,delete
cap_000738,500,-1.0000,MISS: 145px blob unboxed,delete
cap_000739,500,-1.0000,MISS: 154px blob unboxed,delete
cap_000740,500,-1.0000,MISS: 155px blob unboxed,delete
cap_000741,500,-1.0000,MISS: 160px blob unboxed,delete
cap_000742,501,-1.0000,MISS: 155px blob unboxed,delete
cap_000743,501,-1.0000,MISS: 156px blob unboxed,delete
cap_000744,502,-1.0000,MISS: 162px blob unboxed,delete
cap_000745,503,-1.0000,MISS: 160px blob unboxed,delete
cap_000746,504,-1.0000,MISS: 163px blob unboxed,delete
cap_000747,505,-1.0000,MISS: 161px blob unboxed,delete
cap_000748,506,-1.0000,MISS: 161px blob unboxed,delete
cap_000749,507,-1.0000,MISS: 159px blob unboxed,delete
cap_000750,508,-1.0000,MISS: 155px blob unboxed,delete
cap_000751,509,-1.0000,MISS: 156px blob unboxed,delete
cap_000752,510,-1.0000,MISS: 155px blob unboxed,delete
cap_000753,511,-1.0000,MISS: 155px blob unboxed,delete
cap_000754,512,-1.0000,MISS: 162px blob unboxed,delete
cap_000755,513,-1.0000,MISS: 164px blob unboxed,delete
cap_000756,514,-1.0000,MISS: 161px blob unboxed,delete
cap_000757,515,-1.0000,MISS: 158px blob unboxed,delete
cap_000758,516,-1.0000,MISS: 162px blob unboxed,delete
cap_000759,517,-1.0000,MISS: 155px blob unboxed,delete
cap_000760,518,-1.0000,MISS: 159px blob unboxed,delete
cap_000761,519,-1.0000,MISS: 159px blob unboxed,delete
cap_000762,520,-1.0000,MISS: 162px blob unboxed,delete
cap_000763,521,-1.0000,MISS: 162px blob unboxed,delete
cap_000764,522,-1.0000,MISS: 165px blob unboxed,delete
cap_000765,523,-1.0000,MISS: 165px blob unboxed,delete
cap_000766,524,-1.0000,MISS: 160px blob unboxed,delete
cap_000767,525,-1.0000,MISS: 159px blob unboxed,delete
cap_000768,525,-1.0000,MISS: 160px blob unboxed,delete
cap_000769,526,-1.0000,MISS: 162px blob unboxed,delete
cap_000770,526,-1.0000,MISS: 164px blob unboxed,delete
cap_000771,527,-1.0000,MISS: 164px blob unboxed,approve
cap_000772,527,-1.0000,MISS: 157px blob unboxed,approve
cap_000773,528,-1.0000,MISS: 161px blob unboxed,delete
cap_000774,528,-1.0000,MISS: 158px blob unboxed,delete
cap_000775,529,-1.0000,MISS: 157px blob unboxed,delete
cap_000776,529,-1.0000,MISS: 164px blob unboxed,delete
cap_000777,530,-1.0000,MISS: 156px blob unboxed,delete
cap_000778,530,-1.0000,MISS: 158px blob unboxed,delete
cap_000779,530,-1.0000,MISS: 156px blob unboxed,delete
cap_000780,531,-1.0000,MISS: 158px blob unboxed,delete
cap_000781,531,-1.0000,MISS: 157px blob unboxed,delete
cap_000782,532,-1.0000,MISS: 157px blob unboxed,delete
cap_000783,532,-1.0000,MISS: 157px blob unboxed,delete
cap_000784,532,-1.0000,MISS: 157px blob unboxed,delete
cap_000785,533,-1.0000,MISS: 156px blob unboxed,delete
cap_000786,533,-1.0000,MISS: 157px blob unboxed,delete
cap_000787,534,-1.0000,MISS: 153px blob unboxed,delete
cap_000788,534,-1.0000,MISS: 153px blob unboxed,delete
cap_000789,535,-1.0000,MISS: 150px blob unboxed,delete
cap_000790,536,-1.0000,MISS: 164px blob unboxed,delete
cap_000791,536,-1.0000,MISS: 164px blob unboxed,delete
cap_000792,537,-1.0000,MISS: 158px blob unboxed,delete
cap_000793,537,-1.0000,MISS: 155px blob unboxed,delete
cap_000794,538,-1.0000,MISS: 157px blob unboxed,delete
cap_000795,538,-1.0000,MISS: 161px blob unboxed,delete
cap_000796,538,-1.0000,MISS: 161px blob unboxed,delete
cap_000797,539,-1.0000,MISS: 158px blob unboxed,delete
cap_000798,539,-1.0000,MISS: 154px blob unboxed,delete
cap_000799,539,-1.0000,MISS: 158px blob unboxed,delete
cap_000800,539,-1.0000,MISS: 157px blob unboxed,delete
cap_000801,539,-1.0000,MISS: 159px blob unboxed,delete
cap_000802,540,-1.0000,MISS: 156px blob unboxed,delete
cap_000803,540,-1.0000,MISS: 154px blob unboxed,delete
cap_000804,540,-1.0000,MISS: 157px blob unboxed,delete
cap_000805,540,-1.0000,MISS: 152px blob unboxed,delete
cap_000806,540,-1.0000,MISS: 143px blob unboxed,delete
cap_000807,540,-1.0000,MISS: 143px blob unboxed,delete
cap_000808,541,-1.0000,MISS: 142px blob unboxed,delete
cap_000809,541,-1.0000,MISS: 144px blob unboxed,delete
cap_000810,542,-1.0000,MISS: 144px blob unboxed,delete
cap_000811,542,-1.0000,MISS: 144px blob unboxed,delete
cap_000812,543,-1.0000,MISS: 157px blob unboxed,delete
cap_000813,544,-1.0000,MISS: 144px blob unboxed,delete
cap_000814,544,-1.0000,MISS: 153px blob unboxed,delete
cap_000815,545,-1.0000,MISS: 163px blob unboxed,delete
cap_000816,546,-1.0000,MISS: 160px blob unboxed,delete
cap_000817,547,-1.0000,MISS: 163px blob unboxed,delete
cap_000818,548,-1.0000,MISS: 148px blob unboxed,delete
