frame,timestamp,truth,classical,cnn,cnn_conf_mean,ambient_c,note
483,2026-08-24T15:05:40.082,0,2,2,0.359,24.83,
484,2026-08-24T15:05:40.199,0,2,2,0.394,24.81,
485,2026-08-24T15:05:40.327,0,2,2,0.395,24.81,
486,2026-08-24T15:05:40.422,0,2,2,0.367,24.83,
487,2026-08-24T15:05:40.547,0,2,2,0.429,24.83,
488,2026-08-24T15:05:40.643,0,2,2,0.493,24.83,
489,2026-08-24T15:05:40.769,0,1,2,0.521,24.83,
490,2026-08-24T15:05:40.864,0,2,2,0.541,24.83,
491,2026-08-24T15:05:40.990,0,1,2,0.591,24.83,
492,2026-08-24T15:05:41.089,0,1,2,0.616,24.81,
493,2026-08-24T15:05:41.217,0,2,2,0.620,24.81,
494,2026-08-24T15:05:41.343,0,2,2,0.487,24.81,
495,2026-08-24T15:05:41.439,0,2,2,0.447,24.81,
496,2026-08-24T15:05:41.567,0,1,2,0.436,24.83,
497,2026-08-24T15:05:41.663,0,1,2,0.398,24.81,
498,2026-08-24T15:05:41.792,0,1,2,0.373,24.81,
499,2026-08-24T15:05:41.889,0,1,2,0.375,24.78,
500,2026-08-24T15:05:42.017,0,1,1,0.532,24.76,
501,2026-08-24T15:05:42.144,0,1,1,0.487,24.76,
502,2026-08-24T15:05:42.239,0,1,1,0.380,24.74,
503,2026-08-24T15:05:42.370,0,1,1,0.339,24.74,
504,2026-08-24T15:05:42.465,0,1,1,0.276,24.76,
505,2026-08-24T15:05:42.591,0,1,1,0.326,24.76,
506,2026-08-24T15:05:42.688,0,1,1,0.338,24.74,
507,2026-08-24T15:05:42.816,0,1,1,0.283,24.74,
508,2026-08-24T15:05:42.913,0,1,1,0.270,24.74,
509,2026-08-24T15:05:43.040,0,1,0,0.000,24.74,
510,2026-08-24T15:05:43.170,0,2,0,0.000,24.72,
511,2026-08-24T15:05:43.267,0,2,0,0.000,24.72,
512,2026-08-24T15:05:43.390,0,2,0,0.000,24.76,
513,2026-08-24T15:05:43.489,0,2,0,0.000,24.76,
514,2026-08-24T15:05:43.616,0,2,0,0.000,24.76,
515,2026-08-24T15:05:43.712,0,2,0,0.000,24.74,
516,2026-08-24T15:05:43.839,0,2,0,0.000,24.72,
517,2026-08-24T15:05:43.967,0,2,0,0.000,24.72,
518,2026-08-24T15:05:44.064,0,2,0,0.000,24.69,
519,2026-08-24T15:05:44.193,0,2,0,0.000,24.69,
520,2026-08-24T15:05:44.288,0,2,0,0.000,24.72,
521,2026-08-24T15:05:44.416,0,2,0,0.000,24.72,
522,2026-08-24T15:05:44.509,0,2,0,0.000,24.72,
523,2026-08-24T15:05:44.640,0,2,0,0.000,24.69,
524,2026-08-24T15:05:44.731,0,1,0,0.000,24.72,
525,2026-08-24T15:05:44.865,0,2,0,0.000,24.74,
526,2026-08-24T15:05:44.990,0,1,0,0.000,24.76,
527,2026-08-24T15:05:45.088,0,1,0,0.000,24.76,
528,2026-08-24T15:05:45.217,0,1,0,0.000,24.78,
529,2026-08-24T15:05:45.311,0,1,0,0.000,24.76,
530,2026-08-24T15:05:45.439,0,1,0,0.000,24.76,
531,2026-08-24T15:05:45.535,0,1,0,0.000,24.76,
532,2026-08-24T15:05:45.662,0,1,0,0.000,24.76,
533,2026-08-24T15:05:45.758,0,1,0,0.000,24.76,
534,2026-08-24T15:05:45.887,0,1,0,0.000,24.76,
535,2026-08-24T15:05:46.014,0,2,0,0.000,24.76,
536,2026-08-24T15:05:46.111,0,1,0,0.000,24.74,
537,2026-08-24T15:05:46.238,0,1,0,0.000,24.74,
538,2026-08-24T15:05:46.337,0,1,0,0.000,24.74,
539,2026-08-24T15:05:46.469,0,1,0,0.000,24.76,
540,2026-08-24T15:05:46.559,0,1,0,0.000,24.74,
541,2026-08-24T15:05:46.689,0,1,0,0.000,24.74,
542,2026-08-24T15:05:46.815,0,1,0,0.000,24.78,
543,2026-08-24T15:05:46.911,0,1,0,0.000,24.78,
544,2026-08-24T15:05:47.041,0,1,0,0.000,24.78,
545,2026-08-24T15:05:47.137,0,2,0,0.000,24.78,
546,2026-08-24T15:05:47.264,0,2,0,0.000,24.78,
547,2026-08-24T15:05:47.360,0,2,0,0.000,24.78,
548,2026-08-24T15:05:47.489,0,1,0,0.000,24.81,
549,2026-08-24T15:05:47.584,0,1,0,0.000,24.81,
550,2026-08-24T15:05:47.713,0,1,0,0.000,24.83,
551,2026-08-24T15:05:47.841,0,2,0,0.000,24.83,
552,2026-08-24T15:05:47.937,0,1,1,0.384,24.83,
553,2026-08-24T15:05:48.065,0,1,3,0.510,24.83,
554,2026-08-24T15:05:48.162,0,1,3,0.607,24.83,
555,2026-08-24T15:05:48.290,0,2,2,0.719,24.83,
556,2026-08-24T15:05:48.389,0,3,1,0.842,24.83,
557,2026-08-24T15:05:48.516,0,3,2,0.563,24.83,
558,2026-08-24T15:05:48.640,0,3,1,0.542,24.85,
559,2026-08-24T15:05:48.735,0,3,0,0.000,24.85,
560,2026-08-24T15:05:48.865,0,2,2,0.708,24.89,
561,2026-08-24T15:05:48.960,0,3,2,0.922,24.90,
562,2026-08-24T15:05:49.090,0,4,2,0.890,24.88,
563,2026-08-24T15:05:49.185,0,3,3,0.588,24.88,
564,2026-08-24T15:05:49.312,0,2,2,0.833,24.85,
565,2026-08-24T15:05:49.408,0,3,2,0.812,24.88,
566,2026-08-24T15:05:49.536,0,2,2,0.844,24.88,
567,2026-08-24T15:05:49.665,0,4,2,0.938,24.88,
568,2026-08-24T15:05:49.762,0,4,2,0.954,24.88,
569,2026-08-24T15:05:49.889,0,3,2,0.947,24.92,
570,2026-08-24T15:05:49.986,0,4,2,0.972,24.95,
571,2026-08-24T15:05:50.112,0,4,2,0.972,24.97,
572,2026-08-24T15:05:50.208,0,4,2,0.966,24.97,
573,2026-08-24T15:05:50.338,0,4,2,0.967,24.97,
574,2026-08-24T15:05:50.464,0,4,2,0.969,24.97,
575,2026-08-24T15:05:50.561,0,4,2,0.972,24.99,
576,2026-08-24T15:05:50.687,0,4,2,0.972,24.99,
577,2026-08-24T15:05:50.784,0,4,2,0.968,24.99,
578,2026-08-24T15:05:50.913,0,4,2,0.968,25.02,
579,2026-08-24T15:05:51.008,0,4,2,0.969,25.02,
580,2026-08-24T15:05:51.138,0,2,2,0.969,24.99,
581,2026-08-24T15:05:51.236,0,4,2,0.964,24.99,
582,2026-08-24T15:05:51.361,0,4,2,0.958,24.99,
583,2026-08-24T15:05:51.488,0,4,2,0.965,24.99,
584,2026-08-24T15:05:51.583,0,2,3,0.754,24.99,
585,2026-08-24T15:05:51.712,0,4,3,0.729,25.02,
586,2026-08-24T15:05:51.805,0,2,2,0.966,25.04,
587,2026-08-24T15:05:51.936,0,2,3,0.758,25.02,
588,2026-08-24T15:05:52.032,0,3,2,0.956,25.04,
589,2026-08-24T15:05:52.161,0,3,2,0.950,25.04,
590,2026-08-24T15:05:52.258,0,2,2,0.943,25.04,
591,2026-08-24T15:05:52.385,0,2,2,0.907,25.06,
592,2026-08-24T15:05:52.512,0,3,2,0.735,25.02,
593,2026-08-24T15:05:52.609,0,2,2,0.458,25.04,
594,2026-08-24T15:05:52.738,0,3,2,0.662,25.04,
595,2026-08-24T15:05:52.832,0,3,2,0.528,25.04,
596,2026-08-24T15:05:52.961,0,2,3,0.529,25.03,
597,2026-08-24T15:05:53.057,0,3,2,0.635,25.02,
598,2026-08-24T15:05:53.182,0,3,2,0.705,24.97,
599,2026-08-24T15:05:53.308,0,1,2,0.845,24.95,
600,2026-08-24T15:05:53.409,0,2,3,0.672,24.95,
601,2026-08-24T15:05:53.536,0,1,3,0.588,24.92,
602,2026-08-24T15:05:53.629,0,1,0,0.000,24.90,
603,2026-08-24T15:05:53.757,0,1,0,0.000,24.90,
604,2026-08-24T15:05:53.856,0,1,0,0.000,24.88,
605,2026-08-24T15:05:53.981,0,1,0,0.000,24.85,
606,2026-08-24T15:05:54.080,0,1,0,0.000,24.85,
607,2026-08-24T15:05:54.207,0,1,0,0.000,24.85,
608,2026-08-24T15:05:54.337,0,1,0,0.000,24.85,
609,2026-08-24T15:05:54.432,0,1,0,0.000,24.88,
610,2026-08-24T15:05:54.560,0,1,0,0.000,24.85,
611,2026-08-24T15:05:54.659,0,2,0,0.000,24.85,
612,2026-08-24T15:05:54.789,0,1,0,0.000,24.81,
613,2026-08-24T15:05:54.886,0,1,0,0.000,24.81,
614,2026-08-24T15:05:55.011,0,2,0,0.000,24.83,
615,2026-08-24T15:05:55.141,0,2,0,0.000,24.83,
616,2026-08-24T15:05:55.235,0,2,0,0.000,24.85,
617,2026-08-24T15:05:55.367,0,2,0,0.000,24.88,
618,2026-08-24T15:05:55.474,0,1,0,0.000,24.88,
619,2026-08-24T15:05:55.591,0,2,0,0.000,24.88,
620,2026-08-24T15:05:55.684,0,2,0,0.000,24.88,
621,2026-08-24T15:05:55.824,0,2,0,0.000,24.92,
622,2026-08-24T15:05:55.924,0,2,0,0.000,24.92,
623,2026-08-24T15:05:56.072,0,2,0,0.000,24.95,
624,2026-08-24T15:05:56.166,0,2,0,0.000,24.97,
625,2026-08-24T15:05:56.259,0,2,0,0.000,24.97,
626,2026-08-24T15:05:56.397,0,2,0,0.000,24.97,
627,2026-08-24T15:05:56.495,0,2,0,0.000,24.97,
628,2026-08-24T15:05:56.612,0,2,0,0.000,24.99,
629,2026-08-24T15:05:56.712,0,1,0,0.000,24.99,
630,2026-08-24T15:05:56.835,0,1,0,0.000,24.99,
631,2026-08-24T15:05:56.928,0,1,0,0.000,25.02,
632,2026-08-24T15:05:57.056,0,1,0,0.000,25.02,
633,2026-08-24T15:05:57.185,0,2,0,0.000,25.02,
634,2026-08-24T15:05:57.286,0,2,0,0.000,24.99,
635,2026-08-24T15:05:57.412,0,2,0,0.000,24.99,
636,2026-08-24T15:05:57.509,0,1,0,0.000,24.99,
637,2026-08-24T15:05:57.641,0,1,0,0.000,24.99,
638,2026-08-24T15:05:57.729,0,1,0,0.000,24.99,
639,2026-08-24T15:05:57.859,0,1,0,0.000,25.02,
640,2026-08-24T15:05:57.986,0,2,0,0.000,25.02,
641,2026-08-24T15:05:58.078,0,1,0,0.000,25.02,
642,2026-08-24T15:05:58.206,0,1,0,0.000,25.04,
643,2026-08-24T15:05:58.303,0,1,0,0.000,25.04,
644,2026-08-24T15:05:58.430,0,1,0,0.000,25.06,
645,2026-08-24T15:05:58.527,0,1,1,0.380,25.09,
646,2026-08-24T15:05:58.654,0,2,1,0.579,25.09,
647,2026-08-24T15:05:58.752,0,3,2,0.588,25.13,
648,2026-08-24T15:05:58.879,0,3,2,0.627,25.13,
649,2026-08-24T15:05:59.008,0,3,4,0.552,25.11,
650,2026-08-24T15:05:59.103,0,2,4,0.547,25.11,
651,2026-08-24T15:05:59.231,0,2,4,0.534,25.11,
652,2026-08-24T15:05:59.325,0,3,3,0.652,25.09,
653,2026-08-24T15:05:59.454,0,2,3,0.713,25.09,
654,2026-08-24T15:05:59.551,0,2,3,0.631,25.06,
655,2026-08-24T15:05:59.679,0,2,3,0.617,25.09,
656,2026-08-24T15:05:59.809,0,2,3,0.576,25.09,
657,2026-08-24T15:05:59.915,0,2,2,0.753,25.09,
658,2026-08-24T15:06:00.037,0,3,2,0.756,25.09,
659,2026-08-24T15:06:00.172,0,2,2,0.782,25.11,
660,2026-08-24T15:06:00.263,0,3,3,0.521,25.13,
661,2026-08-24T15:06:00.365,0,2,3,0.486,25.13,
662,2026-08-24T15:06:00.489,0,2,3,0.538,25.13,
663,2026-08-24T15:06:00.581,0,3,3,0.593,25.15,
664,2026-08-24T15:06:00.712,0,3,2,0.734,25.15,
665,2026-08-24T15:06:00.840,0,3,3,0.680,25.18,
666,2026-08-24T15:06:00.933,0,1,2,0.852,25.18,
667,2026-08-24T15:06:01.063,0,1,1,0.946,25.15,
668,2026-08-24T15:06:01.153,0,1,1,0.947,25.15,
669,2026-08-24T15:06:01.324,0,1,1,0.946,25.15,
670,2026-08-24T15:06:01.417,0,2,1,0.938,25.13,
671,2026-08-24T15:06:01.581,0,2,1,0.942,25.13,
672,2026-08-24T15:06:01.660,0,1,1,0.940,25.15,
673,2026-08-24T15:06:01.739,0,2,1,0.931,25.15,
674,2026-08-24T15:06:01.864,0,1,1,0.949,25.15,
675,2026-08-24T15:06:01.956,0,2,1,0.954,25.18,
676,2026-08-24T15:06:02.081,0,2,1,0.966,25.20,
677,2026-08-24T15:06:02.175,0,2,2,0.644,25.22,
678,2026-08-24T15:06:02.431,0,2,2,0.615,25.22,
679,2026-08-24T15:06:02.618,0,2,1,0.960,25.22,
680,2026-08-24T15:06:02.728,0,2,2,0.672,25.27,
681,2026-08-24T15:06:02.823,0,2,2,0.680,25.27,
682,2026-08-24T15:06:02.915,0,3,2,0.647,25.27,
683,2026-08-24T15:06:02.993,0,2,2,0.619,25.27,
684,2026-08-24T15:06:03.071,0,2,2,0.612,25.27,
685,2026-08-24T15:06:03.151,0,3,1,0.946,25.27,
686,2026-08-24T15:06:03.230,0,2,2,0.622,25.27,
687,2026-08-24T15:06:03.332,0,1,2,0.646,25.27,
688,2026-08-24T15:06:03.431,0,2,2,0.625,25.27,
689,2026-08-24T15:06:03.560,0,2,1,0.952,25.27,
690,2026-08-24T15:06:03.689,0,2,1,0.931,25.32,
691,2026-08-24T15:06:03.781,0,2,1,0.927,25.34,
692,2026-08-24T15:06:03.904,0,2,2,0.676,25.39,
693,2026-08-24T15:06:03.998,0,2,2,0.706,25.43,
694,2026-08-24T15:06:04.129,0,2,2,0.678,25.43,
695,2026-08-24T15:06:04.226,0,2,2,0.674,25.43,
696,2026-08-24T15:06:04.353,0,2,2,0.656,25.43,
697,2026-08-24T15:06:04.488,0,2,2,0.670,25.43,
698,2026-08-24T15:06:04.587,0,2,2,0.687,25.39,
699,2026-08-24T15:06:04.767,0,2,2,0.655,25.39,
700,2026-08-24T15:06:04.886,0,1,1,0.958,25.41,
701,2026-08-24T15:06:04.975,0,1,1,0.937,25.41,
702,2026-08-24T15:06:05.059,0,2,1,0.906,25.46,
703,2026-08-24T15:06:05.178,0,2,1,0.912,25.46,
704,2026-08-24T15:06:05.265,0,2,1,0.927,25.46,
705,2026-08-24T15:06:05.482,0,2,1,0.935,25.48,
706,2026-08-24T15:06:05.607,0,2,1,0.929,25.48,
707,2026-08-24T15:06:05.702,0,2,0,0.000,25.46,
708,2026-08-24T15:06:05.805,0,1,0,0.000,25.46,
709,2026-08-24T15:06:05.903,0,1,0,0.000,25.48,
710,2026-08-24T15:06:05.993,0,1,0,0.000,25.48,
711,2026-08-24T15:06:06.076,0,2,0,0.000,25.52,
