timestamp,frame,mode,view,n_det,background,threshold,cx,cy,area_px,val_max,aspect,extent,peaks,std_c,skin_px,priority,note
2026-08-21T15:20:51.822,59,RAD,horizontal,0,23.55,26.05,,,,,,,,,,,horizontal best
2026-08-21T15:20:51.953,60,RAD,horizontal,0,23.55,26.05,,,,,,,,,,,horizontal best
2026-08-21T15:20:52.047,61,RAD,horizontal,0,23.55,26.05,,,,,,,,,,,horizontal best
2026-08-21T15:20:52.175,62,RAD,horizontal,0,23.55,26.05,,,,,,,,,,,horizontal best
2026-08-21T15:20:52.302,63,RAD,horizontal,0,23.55,26.05,,,,,,,,,,,horizontal best
2026-08-21T15:20:52.399,64,RAD,horizontal,0,23.55,26.05,,,,,,,,,,,horizontal best
2026-08-21T15:20:52.527,65,RAD,horizontal,0,23.58,26.08,,,,,,,,,,,horizontal best
2026-08-21T15:20:52.622,66,RAD,horizontal,0,23.58,26.08,,,,,,,,,,,horizontal best
2026-08-21T15:20:52.750,67,RAD,horizontal,0,23.55,26.05,,,,,,,,,,,horizontal best
2026-08-21T15:20:52.846,68,RAD,horizontal,0,23.55,26.05,,,,,,,,,,,horizontal best
2026-08-21T15:20:52.975,69,RAD,horizontal,0,23.58,26.08,,,,,,,,,,,horizontal best
2026-08-21T15:20:53.103,70,RAD,horizontal,0,23.58,26.08,,,,,,,,,,,horizontal best
2026-08-21T15:20:53.199,71,RAD,horizontal,0,23.60,26.10,,,,,,,,,,,horizontal best
2026-08-21T15:20:53.327,72,RAD,horizontal,0,23.60,26.10,,,,,,,,,,,horizontal best
2026-08-21T15:20:53.425,73,RAD,horizontal,0,23.60,26.10,,,,,,,,,,,horizontal best
2026-08-21T15:20:53.551,74,RAD,horizontal,0,23.62,26.12,,,,,,,,,,,horizontal best
2026-08-21T15:20:53.648,75,RAD,horizontal,0,23.65,26.15,,,,,,,,,,,horizontal best
2026-08-21T15:20:53.774,76,RAD,horizontal,0,23.62,26.12,,,,,,,,,,,horizontal best
2026-08-21T15:20:53.873,77,RAD,horizontal,0,23.60,26.10,,,,,,,,,,,horizontal best
2026-08-21T15:20:53.999,78,RAD,horizontal,0,23.60,26.10,,,,,,,,,,,horizontal best
2026-08-21T15:20:54.128,79,RAD,horizontal,0,23.60,26.10,,,,,,,,,,,horizontal best
2026-08-21T15:20:54.224,80,RAD,horizontal,0,23.58,26.08,,,,,,,,,,,horizontal best
2026-08-21T15:20:54.354,81,RAD,horizontal,0,23.58,26.08,,,,,,,,,,,horizontal best
2026-08-21T15:20:54.447,82,RAD,horizontal,0,23.55,26.05,,,,,,,,,,,horizontal best
2026-08-21T15:20:54.578,83,RAD,horizontal,0,23.55,26.05,,,,,,,,,,,horizontal best
2026-08-21T15:20:54.672,84,RAD,horizontal,0,23.53,26.03,,,,,,,,,,,horizontal best
2026-08-21T15:20:54.798,85,RAD,horizontal,0,23.53,26.03,,,,,,,,,,,horizontal best
2026-08-21T15:20:54.898,86,RAD,horizontal,0,23.53,26.03,,,,,,,,,,,horizontal best
2026-08-21T15:20:55.022,87,RAD,horizontal,0,23.51,26.01,,,,,,,,,,,horizontal best
2026-08-21T15:20:55.151,88,RAD,horizontal,0,23.51,26.01,,,,,,,,,,,horizontal best
2026-08-21T15:20:55.246,89,RAD,horizontal,0,23.51,26.01,,,,,,,,,,,horizontal best
2026-08-21T15:20:55.374,90,RAD,horizontal,0,23.51,26.01,,,,,,,,,,,horizontal best
2026-08-21T15:20:55.483,91,RAD,horizontal,0,23.51,26.01,,,,,,,,,,,horizontal best
2026-08-21T15:20:55.599,92,RAD,horizontal,0,23.53,26.03,,,,,,,,,,,horizontal best
2026-08-21T15:20:55.700,93,RAD,horizontal,0,23.55,26.05,,,,,,,,,,,horizontal best
2026-08-21T15:20:55.829,94,RAD,horizontal,0,23.55,26.05,,,,,,,,,,,horizontal best
2026-08-21T15:20:55.957,95,RAD,horizontal,1,23.60,26.10,86.4,109.6,596,31.06,0.76,0.67,10,1.16,0,0,horizontal best
2026-08-21T15:20:56.054,96,RAD,horizontal,1,23.60,26.10,88.1,109.0,629,31.96,0.82,0.66,12,1.21,0,0,horizontal best
2026-08-21T15:20:56.179,97,RAD,horizontal,1,23.62,26.12,89.9,108.4,657,32.07,0.88,0.64,10,1.25,0,0,horizontal best
2026-08-21T15:20:56.274,98,RAD,horizontal,1,23.65,26.15,91.6,108.1,653,32.02,0.94,0.64,9,1.28,0,0,horizontal best
2026-08-21T15:20:56.405,99,RAD,horizontal,1,23.65,26.15,93.0,108.3,520,31.98,1.00,0.58,6,1.23,0,0,horizontal best
2026-08-21T15:20:56.501,100,RAD,horizontal,1,23.67,26.17,94.4,106.8,705,32.50,1.00,0.65,4,1.54,0,0,horizontal best
2026-08-21T15:20:56.627,101,RAD,horizontal,1,23.67,26.17,95.5,107.0,609,32.07,1.03,0.61,7,1.38,0,0,horizontal best
2026-08-21T15:20:56.723,102,RAD,horizontal,1,23.65,26.15,96.2,107.4,566,32.09,1.10,0.61,5,1.35,0,0,horizontal best
2026-08-21T15:20:56.852,103,RAD,horizontal,1,23.67,26.17,96.9,107.3,560,31.87,1.10,0.60,6,1.37,0,0,horizontal best
2026-08-21T15:20:56.980,104,RAD,horizontal,1,23.65,26.15,97.4,107.2,521,31.76,1.07,0.58,7,1.35,0,0,horizontal best
2026-08-21T15:20:57.076,105,RAD,horizontal,1,23.70,26.20,98.3,106.8,498,31.59,1.11,0.57,6,1.34,0,0,horizontal best
2026-08-21T15:20:57.204,106,RAD,horizontal,1,23.70,26.20,99.2,106.4,472,31.65,1.11,0.58,5,1.33,0,0,horizontal best
2026-08-21T15:20:57.299,107,RAD,horizontal,1,23.70,26.20,100.4,106.2,471,31.68,1.15,0.60,5,1.32,0,0,horizontal best
2026-08-21T15:20:57.430,108,RAD,horizontal,1,23.70,26.20,102.0,106.2,467,31.48,1.15,0.60,5,1.30,0,0,horizontal best
2026-08-21T15:20:57.524,109,RAD,horizontal,1,23.67,26.17,104.2,106.3,468,31.46,1.20,0.62,5,1.27,0,0,horizontal best
2026-08-21T15:20:57.651,110,RAD,horizontal,1,23.67,26.17,106.9,106.2,524,31.35,1.24,0.68,9,1.28,0,0,horizontal best
2026-08-21T15:20:57.779,111,RAD,horizontal,1,23.65,26.15,108.8,105.3,550,31.30,1.14,0.57,8,1.30,0,0,horizontal best
2026-08-21T15:20:57.875,112,RAD,horizontal,1,23.65,26.15,109.9,104.6,619,31.35,1.17,0.59,11,1.44,0,0,horizontal best
2026-08-21T15:20:58.005,113,RAD,horizontal,1,23.62,26.12,110.1,103.7,640,31.74,1.41,0.62,9,1.25,0,0,horizontal best
2026-08-21T15:20:58.099,114,RAD,horizontal,1,23.62,26.12,110.4,101.5,681,31.68,1.56,0.60,10,1.16,0,0,horizontal best
2026-08-21T15:20:58.233,115,RAD,horizontal,1,23.65,26.15,111.0,99.1,734,31.50,1.61,0.58,11,1.05,0,0,horizontal best
2026-08-21T15:20:58.325,116,RAD,horizontal,1,23.65,26.15,112.0,96.7,773,31.50,1.60,0.54,11,1.13,0,0,horizontal best
2026-08-21T15:20:58.453,117,RAD,horizontal,1,23.65,26.15,113.3,93.9,798,31.24,1.70,0.52,12,1.21,0,0,horizontal best
2026-08-21T15:20:58.549,118,RAD,horizontal,1,23.67,26.17,114.4,90.7,793,31.22,1.60,0.55,16,1.17,0,0,horizontal best
2026-08-21T15:20:58.677,119,RAD,horizontal,1,23.65,26.15,115.1,88.4,761,31.22,1.55,0.58,14,1.09,0,0,horizontal best
2026-08-21T15:20:58.807,120,RAD,horizontal,1,23.67,26.17,115.3,86.2,720,31.33,1.70,0.58,10,1.05,0,0,horizontal best
2026-08-21T15:20:58.903,121,RAD,horizontal,1,23.70,26.20,115.1,84.4,683,31.26,1.74,0.54,9,1.06,0,0,horizontal best
2026-08-21T15:20:59.030,122,RAD,horizontal,1,23.70,26.20,114.9,82.9,628,31.44,1.64,0.61,12,1.02,0,0,horizontal best
2026-08-21T15:20:59.125,123,RAD,horizontal,1,23.65,26.15,115.1,81.3,610,31.15,1.62,0.65,10,1.01,0,0,horizontal best
2026-08-21T15:20:59.252,124,RAD,horizontal,1,23.67,26.17,115.6,79.6,627,31.28,1.83,0.59,9,1.10,0,0,horizontal best
2026-08-21T15:20:59.350,125,RAD,horizontal,1,23.67,26.17,116.3,77.7,615,31.06,1.88,0.57,8,1.12,0,0,horizontal best
2026-08-21T15:20:59.479,126,RAD,horizontal,1,23.65,26.15,116.9,76.6,608,31.13,1.64,0.59,13,1.08,0,0,horizontal best
2026-08-21T15:20:59.606,127,RAD,horizontal,1,23.65,26.15,117.7,75.5,583,30.87,1.60,0.58,11,1.05,0,0,horizontal best
2026-08-21T15:20:59.701,128,RAD,horizontal,1,23.65,26.15,118.4,73.6,568,31.04,1.54,0.64,10,1.12,0,0,horizontal best
2026-08-21T15:20:59.831,129,RAD,horizontal,1,23.65,26.15,118.5,72.1,537,31.11,1.46,0.64,9,1.10,0,0,horizontal best
2026-08-21T15:20:59.927,130,RAD,horizontal,1,23.65,26.15,118.1,70.8,523,30.93,1.57,0.63,11,1.10,0,0,horizontal best
2026-08-21T15:21:00.054,131,RAD,horizontal,1,23.65,26.15,117.3,69.5,510,30.93,1.61,0.60,9,1.09,0,0,horizontal best
2026-08-21T15:21:00.149,132,RAD,horizontal,1,23.65,26.15,116.1,68.2,476,31.13,1.76,0.61,7,1.10,0,0,horizontal best
2026-08-21T15:21:00.277,133,RAD,horizontal,1,23.67,26.17,114.8,66.5,464,31.13,1.75,0.66,8,1.12,0,0,horizontal best
2026-08-21T15:21:00.372,134,RAD,horizontal,1,23.65,26.15,113.8,64.6,456,30.91,1.89,0.67,9,1.04,0,0,horizontal best
2026-08-21T15:21:00.501,135,RAD,horizontal,1,23.65,26.15,112.8,63.1,450,31.11,1.75,0.64,9,1.05,0,0,horizontal best
2026-08-21T15:21:00.633,136,RAD,horizontal,1,23.65,26.15,112.6,61.3,387,30.69,1.83,0.65,8,0.97,0,0,horizontal best
2026-08-21T15:21:00.725,137,RAD,horizontal,1,23.65,26.15,112.4,59.9,385,30.93,1.79,0.60,8,1.06,0,0,horizontal best
2026-08-21T15:21:00.851,138,RAD,horizontal,1,23.62,26.12,111.7,58.1,325,30.93,1.63,0.55,7,1.06,0,0,horizontal best
2026-08-21T15:21:00.947,139,RAD,horizontal,1,23.67,26.17,111.6,57.1,350,30.89,1.72,0.63,8,1.03,0,0,horizontal best
2026-08-21T15:21:01.075,140,RAD,horizontal,1,23.65,26.15,111.1,56.1,322,30.89,1.78,0.56,5,0.94,0,0,horizontal best
2026-08-21T15:21:01.172,141,RAD,horizontal,1,23.65,26.15,110.8,55.4,322,30.50,1.76,0.63,8,0.93,0,0,horizontal best
2026-08-21T15:21:01.300,142,RAD,horizontal,1,23.62,26.12,110.2,54.4,313,30.43,1.71,0.63,8,0.91,0,0,horizontal best
2026-08-21T15:21:01.396,143,RAD,horizontal,1,23.62,26.12,109.6,53.6,298,30.47,1.71,0.60,5,0.93,0,0,horizontal best
2026-08-21T15:21:01.526,144,RAD,horizontal,1,23.60,26.10,108.9,52.6,280,30.30,1.75,0.62,6,0.91,0,0,horizontal best
2026-08-21T15:21:01.654,145,RAD,horizontal,1,23.58,26.08,108.6,51.9,287,30.89,1.81,0.62,8,0.94,0,0,horizontal best
2026-08-21T15:21:01.750,146,RAD,horizontal,1,23.60,26.10,108.5,50.7,272,30.71,1.87,0.65,8,0.91,0,0,horizontal best
2026-08-21T15:21:01.878,147,RAD,horizontal,1,23.58,26.08,108.4,50.2,270,30.60,1.87,0.64,6,0.91,0,0,horizontal best
2026-08-21T15:21:01.972,148,RAD,horizontal,1,23.58,26.08,108.5,49.6,258,30.36,1.73,0.66,5,0.91,0,0,horizontal best
2026-08-21T15:21:02.101,149,RAD,horizontal,1,23.58,26.08,108.7,49.0,241,30.56,1.67,0.64,8,0.94,0,0,horizontal best
2026-08-21T15:21:02.197,150,RAD,horizontal,1,23.55,26.05,108.8,49.3,312,30.36,2.06,0.59,6,1.09,0,0,horizontal best
2026-08-21T15:21:02.325,151,RAD,horizontal,1,23.55,26.05,109.8,48.5,232,30.45,1.86,0.64,5,0.88,0,0,horizontal best
2026-08-21T15:21:02.456,152,RAD,horizontal,1,23.55,26.05,109.8,48.5,298,30.45,2.06,0.56,5,1.04,0,0,horizontal best
2026-08-21T15:21:02.550,153,RAD,horizontal,1,23.58,26.08,109.9,48.2,296,30.32,1.94,0.60,6,1.09,0,0,horizontal best
2026-08-21T15:21:02.678,154,RAD,horizontal,1,23.60,26.10,110.0,47.7,288,30.32,1.76,0.56,6,1.13,0,0,horizontal best
2026-08-21T15:21:02.773,155,RAD,horizontal,1,23.58,26.08,110.0,47.4,288,30.30,1.76,0.56,6,1.13,0,0,horizontal best
2026-08-21T15:21:02.903,156,RAD,horizontal,1,23.58,26.08,110.1,47.1,279,30.08,1.82,0.53,4,0.99,0,0,horizontal best
2026-08-21T15:21:02.996,157,RAD,horizontal,1,23.58,26.08,110.2,46.2,208,30.03,1.71,0.62,5,0.87,0,0,horizontal best
2026-08-21T15:21:03.125,158,RAD,horizontal,1,23.58,26.08,110.1,45.2,187,30.08,1.92,0.58,7,0.86,0,0,horizontal best
2026-08-21T15:21:03.220,159,RAD,horizontal,1,23.58,26.08,109.9,44.5,188,30.08,1.85,0.60,6,0.90,0,0,horizontal best
2026-08-21T15:21:03.348,160,RAD,horizontal,1,23.58,26.08,109.4,43.8,177,30.03,1.79,0.51,5,0.92,0,0,horizontal best
2026-08-21T15:21:03.479,161,RAD,horizontal,1,23.55,26.05,108.9,44.3,250,29.90,1.88,0.52,6,1.03,0,0,horizontal best
2026-08-21T15:21:03.573,162,RAD,horizontal,1,23.53,26.03,108.8,43.1,152,29.90,1.69,0.53,5,0.84,0,0,horizontal best
2026-08-21T15:21:03.701,163,RAD,horizontal,1,23.53,26.03,108.6,43.4,226,29.90,1.81,0.49,6,0.97,0,0,horizontal best
2026-08-21T15:21:03.795,164,RAD,horizontal,1,23.53,26.03,108.5,43.4,225,29.90,1.71,0.46,4,0.99,0,0,horizontal best
2026-08-21T15:21:03.924,165,RAD,horizontal,1,23.53,26.03,108.5,43.2,220,29.90,1.71,0.45,5,1.01,0,0,horizontal best
2026-08-21T15:21:04.019,166,RAD,horizontal,1,23.55,26.05,108.6,42.9,215,29.90,1.65,0.45,3,0.98,0,0,horizontal best
2026-08-21T15:21:04.147,167,RAD,horizontal,1,23.55,26.05,108.5,42.7,211,29.97,1.65,0.44,4,0.98,0,0,horizontal best
2026-08-21T15:21:04.278,168,RAD,horizontal,1,23.55,26.05,108.4,42.4,213,30.05,1.62,0.51,6,1.03,0,0,horizontal best
2026-08-21T15:21:04.375,169,RAD,horizontal,1,23.55,26.05,108.4,41.9,206,29.70,1.62,0.50,5,1.04,0,0,horizontal best
2026-08-21T15:21:04.500,170,RAD,horizontal,1,23.55,26.05,108.1,41.4,203,29.68,1.62,0.49,3,1.04,0,0,horizontal best
2026-08-21T15:21:04.597,171,RAD,horizontal,1,23.55,26.05,107.6,41.1,201,29.77,1.80,0.50,5,1.05,0,0,horizontal best
2026-08-21T15:21:04.726,172,RAD,horizontal,1,23.58,26.08,107.1,39.6,117,29.72,1.82,0.53,5,0.85,0,0,horizontal best
2026-08-21T15:21:04.819,173,RAD,horizontal,1,23.55,26.05,106.9,38.0,101,29.77,1.70,0.59,5,0.71,0,0,horizontal best
2026-08-21T15:21:04.953,174,RAD,horizontal,1,23.55,26.05,105.6,39.0,179,29.97,1.86,0.49,5,1.01,0,0,horizontal best
2026-08-21T15:21:05.044,175,RAD,horizontal,1,23.58,26.08,105.0,39.4,184,29.97,1.67,0.49,4,1.01,0,0,horizontal best
2026-08-21T15:21:05.174,176,RAD,horizontal,1,23.58,26.08,104.5,39.1,179,30.10,1.50,0.47,4,0.97,0,0,horizontal best
2026-08-21T15:21:05.303,177,RAD,horizontal,1,23.55,26.05,104.4,38.7,175,29.94,1.56,0.44,5,0.94,0,0,horizontal best
2026-08-21T15:21:05.397,178,RAD,horizontal,1,23.55,26.05,104.3,38.4,182,29.94,1.56,0.46,5,0.99,0,0,horizontal best
2026-08-21T15:21:05.526,179,RAD,horizontal,1,23.55,26.05,104.2,38.1,170,29.94,1.44,0.46,4,0.91,0,0,horizontal best
2026-08-21T15:21:05.620,180,RAD,horizontal,1,23.55,26.05,104.1,37.7,168,29.90,1.50,0.44,3,0.90,0,0,horizontal best
2026-08-21T15:21:05.749,181,RAD,horizontal,1,23.53,26.03,103.9,37.2,166,29.81,1.38,0.47,4,0.95,0,0,horizontal best
2026-08-21T15:21:05.846,182,RAD,horizontal,1,23.53,26.03,103.5,36.8,166,29.81,1.38,0.47,5,1.02,0,0,horizontal best
2026-08-21T15:21:05.974,183,RAD,horizontal,1,23.55,26.05,103.0,36.5,168,29.52,1.38,0.48,4,0.98,0,0,horizontal best
2026-08-21T15:21:06.068,184,RAD,horizontal,1,23.55,26.05,102.3,36.0,154,29.61,1.47,0.47,3,0.92,0,0,horizontal best
2026-08-21T15:21:06.198,185,RAD,horizontal,1,23.53,26.03,101.5,35.8,152,29.70,1.77,0.51,3,0.94,0,0,horizontal best
2026-08-21T15:21:06.326,186,RAD,horizontal,1,23.53,26.03,100.8,35.3,139,29.50,1.62,0.51,4,0.91,0,0,horizontal best
2026-08-21T15:21:06.422,187,RAD,horizontal,1,23.51,26.01,100.1,35.2,149,29.50,1.69,0.52,4,0.99,0,0,horizontal best
2026-08-21T15:21:06.555,188,RAD,horizontal,1,23.53,26.03,99.7,34.8,146,29.63,1.77,0.49,3,0.90,0,0,horizontal best
2026-08-21T15:21:06.644,189,RAD,horizontal,1,23.53,26.03,99.5,34.5,143,29.63,1.77,0.48,2,0.90,0,0,horizontal best
2026-08-21T15:21:06.775,190,RAD,horizontal,1,23.53,26.03,99.4,34.1,142,29.74,1.69,0.50,4,0.92,0,0,horizontal best
2026-08-21T15:21:06.868,191,RAD,horizontal,1,23.53,26.03,99.4,33.8,136,29.83,1.69,0.48,3,0.96,0,0,horizontal best
2026-08-21T15:21:06.993,192,RAD,horizontal,1,23.51,26.01,99.3,33.3,128,29.52,1.54,0.49,3,0.98,0,0,horizontal best
2026-08-21T15:21:07.121,193,RAD,horizontal,1,23.48,25.98,99.0,33.2,128,29.52,1.75,0.51,2,0.96,0,0,horizontal best
2026-08-21T15:21:07.223,194,RAD,horizontal,1,23.48,25.98,98.7,33.2,133,29.26,1.83,0.50,2,0.92,0,0,horizontal best
2026-08-21T15:21:07.349,195,RAD,horizontal,1,23.51,26.01,98.4,33.0,136,29.28,1.62,0.50,2,0.94,0,0,horizontal best
2026-08-21T15:21:07.442,196,RAD,horizontal,1,23.51,26.01,98.2,32.8,132,29.28,1.54,0.51,4,0.98,0,0,horizontal best
2026-08-21T15:21:07.572,197,RAD,horizontal,1,23.51,26.01,97.8,32.4,128,29.74,1.67,0.53,3,0.98,0,0,horizontal best
2026-08-21T15:21:07.668,198,RAD,horizontal,1,23.46,25.96,97.3,32.1,119,29.65,1.82,0.54,3,0.93,0,0,horizontal best
2026-08-21T15:21:07.797,199,RAD,horizontal,1,23.46,25.96,96.3,31.6,107,29.45,1.55,0.57,2,0.89,0,0,horizontal best
2026-08-21T15:21:07.892,200,RAD,horizontal,1,23.46,25.96,95.3,31.1,94,29.77,1.90,0.49,3,0.93,0,0,horizontal best
2026-08-21T15:21:08.021,201,RAD,horizontal,1,23.46,25.96,93.9,30.0,83,29.68,1.60,0.52,3,1.03,0,0,horizontal best
2026-08-21T15:21:08.150,202,RAD,horizontal,1,23.47,25.97,92.8,29.2,75,29.65,1.20,0.62,1,1.01,0,0,horizontal best
2026-08-21T15:21:08.245,203,RAD,horizontal,1,23.46,25.96,92.1,28.8,71,29.77,1.30,0.55,2,1.10,0,0,horizontal best
2026-08-21T15:21:08.368,204,RAD,horizontal,1,23.46,25.96,91.5,29.0,64,29.70,1.33,0.59,2,1.10,0,0,horizontal best
2026-08-21T15:21:08.466,205,RAD,horizontal,1,23.46,25.96,91.1,29.1,61,29.59,1.11,0.68,2,1.08,0,0,horizontal best
2026-08-21T15:21:08.594,206,RAD,horizontal,1,23.48,25.98,90.8,29.2,59,29.59,1.25,0.74,2,1.04,0,0,horizontal best
2026-08-21T15:21:08.689,207,RAD,horizontal,1,23.51,26.01,90.5,29.3,59,29.52,1.11,0.66,2,1.05,0,0,horizontal best
2026-08-21T15:21:08.816,208,RAD,horizontal,1,23.51,26.01,90.3,29.4,59,29.52,1.11,0.66,2,0.98,0,0,horizontal best
2026-08-21T15:21:08.945,209,RAD,horizontal,1,23.53,26.03,90.2,29.3,61,29.48,1.11,0.68,2,1.01,0,0,horizontal best
2026-08-21T15:21:09.047,210,RAD,horizontal,1,23.51,26.01,90.0,29.3,58,29.50,1.11,0.64,2,0.96,0,0,horizontal best
2026-08-21T15:21:09.172,211,RAD,horizontal,1,23.51,26.01,89.7,29.2,61,29.45,1.25,0.76,3,1.01,0,0,horizontal best
2026-08-21T15:21:09.265,212,RAD,horizontal,1,23.51,26.01,89.4,29.1,61,29.48,1.25,0.76,3,1.03,0,0,horizontal best
2026-08-21T15:21:09.392,213,RAD,horizontal,1,23.53,26.03,88.7,29.0,60,29.54,1.25,0.75,2,1.00,0,0,horizontal best
2026-08-21T15:21:09.496,214,RAD,horizontal,1,23.53,26.03,87.8,28.9,66,29.85,1.22,0.67,2,1.08,0,0,horizontal best
2026-08-21T15:21:09.621,215,RAD,horizontal,1,23.51,26.01,86.6,28.8,66,29.99,1.10,0.60,2,1.01,0,0,horizontal best
2026-08-21T15:21:09.713,216,RAD,horizontal,1,23.51,26.01,85.3,28.5,61,29.61,1.11,0.68,1,0.92,0,0,horizontal best
2026-08-21T15:21:09.841,217,RAD,horizontal,1,23.51,26.01,84.1,28.3,63,29.59,1.10,0.57,1,0.98,0,0,horizontal best
2026-08-21T15:21:09.968,218,RAD,horizontal,1,23.48,25.98,83.4,28.1,60,29.39,1.00,0.50,2,0.87,0,0,horizontal best
2026-08-21T15:21:10.066,219,RAD,horizontal,1,23.48,25.98,82.8,28.0,65,29.26,1.00,0.54,2,1.00,0,0,horizontal best
2026-08-21T15:21:10.194,220,RAD,horizontal,1,23.51,26.01,82.5,28.2,61,29.14,1.00,0.50,3,0.92,0,0,horizontal best
2026-08-21T15:21:10.287,221,RAD,horizontal,1,23.48,25.98,82.3,28.1,62,29.12,1.00,0.51,3,0.95,0,0,horizontal best
2026-08-21T15:21:10.414,222,RAD,horizontal,1,23.48,25.98,82.0,28.0,59,29.01,0.92,0.45,2,0.89,0,0,horizontal best
2026-08-21T15:21:10.512,223,RAD,horizontal,1,23.48,25.98,81.5,28.0,59,28.81,0.92,0.45,2,0.86,0,0,horizontal best
2026-08-21T15:21:10.642,224,RAD,horizontal,1,23.48,25.98,81.0,28.0,58,28.92,0.92,0.44,3,0.80,0,0,horizontal best
2026-08-21T15:21:10.768,225,RAD,horizontal,1,23.48,25.98,80.0,28.0,61,28.92,0.79,0.40,2,0.89,0,0,horizontal best
2026-08-21T15:21:10.866,226,RAD,horizontal,1,23.51,26.01,78.8,27.9,64,29.08,0.79,0.42,2,0.92,0,0,horizontal best
2026-08-21T15:21:10.993,227,RAD,horizontal,1,23.51,26.01,77.6,27.9,59,29.14,0.92,0.45,1,0.81,0,0,horizontal best
2026-08-21T15:21:11.087,228,RAD,horizontal,1,23.48,25.98,76.5,27.8,63,29.14,1.00,0.52,1,0.86,0,0,horizontal best
2026-08-21T15:21:11.218,229,RAD,horizontal,1,23.48,25.98,75.4,27.6,62,28.99,1.00,0.51,3,0.85,0,0,horizontal best
2026-08-21T15:21:11.312,230,RAD,horizontal,1,23.48,25.98,74.3,27.6,58,28.92,1.10,0.53,3,0.81,0,0,horizontal best
2026-08-21T15:21:11.440,231,RAD,horizontal,1,23.48,25.98,73.0,27.8,56,29.14,1.10,0.51,2,0.80,0,0,horizontal best
2026-08-21T15:21:11.536,232,RAD,horizontal,1,23.46,25.96,71.6,27.8,59,28.99,1.10,0.54,2,0.91,0,0,horizontal best
2026-08-21T15:21:11.665,233,RAD,horizontal,1,23.46,25.96,70.0,27.6,61,28.88,1.10,0.55,3,0.88,0,0,horizontal best
2026-08-21T15:21:11.793,234,RAD,horizontal,1,23.46,25.96,68.9,27.6,60,29.54,1.00,0.50,1,0.88,0,0,horizontal best
2026-08-21T15:21:11.890,235,RAD,horizontal,1,23.46,25.96,68.1,27.5,61,29.34,1.00,0.50,2,0.85,0,0,horizontal best
2026-08-21T15:21:12.018,236,RAD,horizontal,1,23.46,25.96,67.2,27.7,68,29.32,0.92,0.52,1,0.97,0,0,horizontal best
2026-08-21T15:21:12.113,237,RAD,horizontal,1,23.46,25.96,66.3,27.8,66,29.37,0.77,0.51,1,0.94,0,0,horizontal best
2026-08-21T15:21:12.241,238,RAD,horizontal,1,23.46,25.96,65.4,27.8,64,29.14,0.71,0.46,1,0.87,0,0,horizontal best
2026-08-21T15:21:12.336,239,RAD,horizontal,1,23.46,25.96,64.3,27.7,66,29.01,0.71,0.47,1,0.87,0,0,horizontal best
2026-08-21T15:21:12.465,240,RAD,horizontal,1,23.43,25.93,63.1,27.8,66,29.06,0.71,0.47,1,0.93,0,0,horizontal best
2026-08-21T15:21:12.560,241,RAD,horizontal,1,23.43,25.93,62.1,27.7,65,29.39,0.77,0.50,1,0.94,0,0,horizontal best
2026-08-21T15:21:12.689,242,RAD,horizontal,1,23.41,25.91,61.5,27.7,69,29.65,0.77,0.53,2,0.96,0,0,horizontal best
2026-08-21T15:21:12.817,243,RAD,horizontal,1,23.41,25.91,60.8,27.4,68,29.65,0.92,0.52,1,0.92,0,0,horizontal best
2026-08-21T15:21:12.914,244,RAD,horizontal,1,23.41,25.91,59.8,27.2,65,29.70,0.92,0.49,1,0.94,0,0,horizontal best
2026-08-21T15:21:13.041,245,RAD,horizontal,1,23.39,25.89,58.4,27.4,67,29.34,1.00,0.55,2,1.01,0,0,horizontal best
2026-08-21T15:21:13.138,246,RAD,horizontal,1,23.39,25.89,57.2,27.5,68,29.48,1.20,0.57,3,0.98,0,0,horizontal best
2026-08-21T15:21:13.270,247,RAD,horizontal,1,23.39,25.89,56.2,27.5,72,29.43,1.18,0.50,2,1.02,0,0,horizontal best
2026-08-21T15:21:13.366,248,RAD,horizontal,1,23.41,25.91,55.5,27.7,72,29.41,1.27,0.47,2,0.91,0,0,horizontal best
2026-08-21T15:21:13.489,249,RAD,horizontal,1,23.41,25.91,54.9,28.0,74,29.28,1.36,0.45,2,0.92,0,0,horizontal best
2026-08-21T15:21:13.617,250,RAD,horizontal,1,23.41,25.91,54.7,28.1,76,29.08,1.36,0.46,1,0.89,0,0,horizontal best
2026-08-21T15:21:13.714,251,RAD,horizontal,1,23.41,25.91,54.7,27.9,75,29.03,1.17,0.45,1,0.89,0,0,horizontal best
2026-08-21T15:21:13.841,252,RAD,horizontal,1,23.41,25.91,54.4,27.8,72,28.88,1.27,0.47,2,0.85,0,0,horizontal best
2026-08-21T15:21:13.936,253,RAD,horizontal,1,23.39,25.89,54.3,27.7,73,28.86,1.27,0.47,2,0.85,0,0,horizontal best
2026-08-21T15:21:14.063,254,RAD,horizontal,1,23.39,25.89,54.1,27.7,72,28.97,1.27,0.47,2,0.85,0,0,horizontal best
2026-08-21T15:21:14.161,255,RAD,horizontal,1,23.39,25.89,53.9,27.6,75,28.77,1.17,0.45,2,0.87,0,0,horizontal best
2026-08-21T15:21:14.289,256,RAD,horizontal,1,23.36,25.86,53.6,27.7,76,28.86,1.17,0.45,2,0.84,0,0,horizontal best
2026-08-21T15:21:14.385,257,RAD,horizontal,1,23.36,25.86,53.2,27.8,79,28.86,1.25,0.44,3,0.86,0,0,horizontal best
2026-08-21T15:21:14.513,258,RAD,horizontal,1,23.39,25.89,52.6,28.0,83,28.83,1.50,0.55,3,0.87,0,0,horizontal best
2026-08-21T15:21:14.642,259,RAD,horizontal,1,23.36,25.86,52.2,28.0,82,28.83,1.50,0.55,3,0.88,0,0,horizontal best
2026-08-21T15:21:14.736,260,RAD,horizontal,1,23.36,25.86,52.0,28.0,78,28.83,1.50,0.52,3,0.85,0,0,horizontal best
2026-08-21T15:21:14.864,261,RAD,horizontal,1,23.34,25.84,52.0,28.0,78,28.83,1.50,0.52,3,0.85,0,0,horizontal best
2026-08-21T15:21:14.961,262,RAD,horizontal,1,23.34,25.84,52.0,28.0,78,28.81,1.50,0.52,3,0.88,0,0,horizontal best
2026-08-21T15:21:15.091,263,RAD,horizontal,1,23.34,25.84,52.1,28.0,78,28.81,1.50,0.52,3,0.88,0,0,horizontal best
2026-08-21T15:21:15.185,264,RAD,horizontal,1,23.32,25.82,52.4,27.7,77,28.70,1.60,0.48,3,0.86,0,0,horizontal best
2026-08-21T15:21:15.311,265,RAD,horizontal,1,23.32,25.82,52.8,27.5,76,28.61,1.67,0.56,1,0.83,0,0,horizontal best
2026-08-21T15:21:15.439,266,RAD,horizontal,1,23.34,25.84,53.1,27.3,73,28.63,1.67,0.54,1,0.86,0,0,horizontal best
2026-08-21T15:21:15.534,267,RAD,horizontal,1,23.34,25.84,53.4,27.3,64,28.61,1.88,0.53,1,0.78,0,0,horizontal best
2026-08-21T15:21:15.665,268,RAD,horizontal,1,23.34,25.84,53.6,27.1,66,28.66,1.88,0.55,1,0.78,0,0,horizontal best
2026-08-21T15:21:15.761,269,RAD,horizontal,1,23.36,25.86,53.7,27.0,67,28.66,1.67,0.50,2,0.79,0,0,horizontal best
2026-08-21T15:21:15.890,270,RAD,horizontal,1,23.36,25.86,53.7,27.1,68,28.70,1.67,0.50,2,0.80,0,0,horizontal best
2026-08-21T15:21:15.985,271,RAD,horizontal,1,23.36,25.86,53.8,27.1,69,28.70,1.67,0.51,1,0.80,0,0,horizontal best
2026-08-21T15:21:16.111,272,RAD,horizontal,1,23.36,25.86,54.0,26.7,73,28.70,1.56,0.58,1,0.85,0,0,horizontal best
2026-08-21T15:21:16.207,273,RAD,horizontal,1,23.36,25.86,54.3,26.6,71,28.72,1.27,0.46,2,0.86,0,0,horizontal best
2026-08-21T15:21:16.336,274,RAD,horizontal,1,23.36,25.86,55.0,26.2,65,28.70,1.27,0.42,2,0.84,0,0,horizontal best
2026-08-21T15:21:16.465,275,RAD,horizontal,1,23.36,25.86,55.8,26.0,65,28.57,1.18,0.45,2,0.91,0,0,horizontal best
2026-08-21T15:21:16.560,276,RAD,horizontal,1,23.36,25.86,56.9,25.8,66,28.52,1.09,0.50,2,0.88,0,0,horizontal best
2026-08-21T15:21:16.689,277,RAD,horizontal,1,23.34,25.84,57.6,25.5,63,28.70,1.30,0.48,1,0.82,0,0,horizontal best
2026-08-21T15:21:16.785,278,RAD,horizontal,1,23.34,25.84,58.3,25.3,68,28.70,1.18,0.48,1,0.87,0,0,horizontal best
2026-08-21T15:21:16.910,279,RAD,horizontal,1,23.34,25.84,58.5,25.2,68,28.70,1.18,0.48,1,0.90,0,0,horizontal best
2026-08-21T15:21:17.007,280,RAD,horizontal,1,23.34,25.84,58.7,25.0,65,28.63,1.33,0.60,1,0.93,0,0,horizontal best
2026-08-21T15:21:17.135,281,RAD,horizontal,1,23.34,25.84,58.7,25.0,65,28.63,1.20,0.54,1,0.91,0,0,horizontal best
2026-08-21T15:21:17.265,282,RAD,horizontal,1,23.34,25.84,59.0,25.0,69,28.61,1.09,0.52,2,0.91,0,0,horizontal best
2026-08-21T15:21:17.361,283,RAD,horizontal,1,23.34,25.84,59.2,25.0,71,28.63,1.27,0.46,2,0.86,0,0,horizontal best
2026-08-21T15:21:17.489,284,RAD,horizontal,1,23.34,25.84,59.5,24.8,70,28.63,1.18,0.49,2,0.83,0,0,horizontal best
2026-08-21T15:21:17.586,285,RAD,horizontal,1,23.39,25.89,59.8,24.7,70,28.74,1.30,0.54,2,0.84,0,0,horizontal best
2026-08-21T15:21:17.711,286,RAD,horizontal,0,23.43,25.93,,,,,,,,,,,horizontal best
2026-08-21T15:21:17.807,287,RAD,horizontal,0,23.41,25.91,,,,,,,,,,,horizontal best
2026-08-21T15:21:17.936,288,RAD,horizontal,1,23.41,25.91,61.6,24.5,63,28.86,1.44,0.54,2,0.87,0,0,horizontal best
2026-08-21T15:21:18.035,289,RAD,horizontal,1,23.41,25.91,62.5,24.5,58,28.70,1.71,0.69,1,0.88,0,0,horizontal best
2026-08-21T15:21:18.161,290,RAD,horizontal,1,23.41,25.91,63.3,24.1,53,28.68,1.86,0.58,1,0.86,0,0,horizontal best
2026-08-21T15:21:18.290,291,RAD,horizontal,1,23.41,25.91,63.7,23.9,51,28.66,1.86,0.56,3,0.90,0,0,horizontal best
2026-08-21T15:21:18.385,292,RAD,horizontal,1,23.41,25.91,64.1,23.6,49,28.66,1.86,0.54,2,0.84,0,0,horizontal best
2026-08-21T15:21:18.512,293,RAD,horizontal,1,23.41,25.91,64.3,23.4,47,28.66,2.17,0.60,2,0.85,0,0,horizontal best
2026-08-21T15:21:18.608,294,RAD,horizontal,1,23.41,25.91,64.4,22.9,43,28.66,2.00,0.60,2,0.86,0,0,horizontal best
2026-08-21T15:21:18.736,295,RAD,horizontal,1,23.41,25.91,64.7,23.0,44,28.70,1.86,0.48,2,0.91,0,0,horizontal best
2026-08-21T15:21:18.833,296,RAD,horizontal,1,23.39,25.89,64.9,23.1,44,28.74,1.86,0.48,2,0.94,0,0,horizontal best
2026-08-21T15:21:18.962,297,RAD,horizontal,1,23.39,25.89,65.0,23.3,42,28.77,2.17,0.54,2,0.92,0,0,horizontal best
2026-08-21T15:21:19.057,298,RAD,horizontal,1,23.39,25.89,65.3,23.2,44,28.86,1.86,0.48,3,0.96,0,0,horizontal best
2026-08-21T15:21:19.183,299,RAD,horizontal,1,23.39,25.89,65.3,23.3,47,28.92,1.86,0.52,3,1.05,0,0,horizontal best
2026-08-21T15:21:19.313,300,RAD,horizontal,1,23.39,25.89,65.6,23.2,47,28.86,1.86,0.52,3,1.09,0,0,horizontal best
2026-08-21T15:21:19.409,301,RAD,horizontal,1,23.41,25.91,66.0,23.2,45,28.86,2.17,0.58,3,1.11,0,0,horizontal best
2026-08-21T15:21:19.537,302,RAD,horizontal,1,23.41,25.91,66.3,22.8,41,28.86,2.17,0.53,2,1.06,0,0,horizontal best
2026-08-21T15:21:19.634,303,RAD,horizontal,1,23.39,25.89,66.6,22.2,33,28.86,1.33,0.69,2,0.78,0,0,horizontal best
2026-08-21T15:21:19.761,304,RAD,horizontal,1,23.39,25.89,67.0,22.0,35,28.83,1.14,0.62,2,0.87,0,0,horizontal best
2026-08-21T15:21:19.856,305,RAD,horizontal,1,23.36,25.86,67.2,21.9,36,28.74,1.14,0.64,2,0.93,0,0,horizontal best
2026-08-21T15:21:19.985,306,RAD,horizontal,1,23.36,25.86,67.3,21.9,34,28.61,1.33,0.71,2,0.82,0,0,horizontal best
2026-08-21T15:21:20.111,307,RAD,horizontal,1,23.34,25.84,67.4,21.8,35,28.52,1.33,0.73,2,0.86,0,0,horizontal best
2026-08-21T15:21:20.209,308,RAD,horizontal,1,23.34,25.84,67.4,21.7,34,28.52,1.33,0.71,2,0.81,0,0,horizontal best
2026-08-21T15:21:20.336,309,RAD,horizontal,1,23.36,25.86,67.4,21.7,34,28.52,1.33,0.71,2,0.81,0,0,horizontal best
2026-08-21T15:21:20.433,310,RAD,horizontal,1,23.36,25.86,67.4,21.7,34,28.50,1.33,0.71,2,0.81,0,0,horizontal best
2026-08-21T15:21:20.560,311,RAD,horizontal,1,23.34,25.84,67.4,21.8,35,28.63,1.33,0.73,2,0.88,0,0,horizontal best
2026-08-21T15:21:20.657,312,RAD,horizontal,1,23.34,25.84,67.4,21.8,35,28.59,1.33,0.73,2,0.86,0,0,horizontal best
2026-08-21T15:21:20.784,313,RAD,horizontal,1,23.34,25.84,67.5,21.8,36,28.59,1.33,0.75,2,0.87,0,0,horizontal best
2026-08-21T15:21:20.881,314,RAD,horizontal,1,23.32,25.82,67.5,21.7,36,28.59,1.33,0.75,2,0.88,0,0,horizontal best
2026-08-21T15:21:21.008,315,RAD,horizontal,1,23.32,25.82,67.5,21.7,36,28.59,1.33,0.75,2,0.87,0,0,horizontal best
2026-08-21T15:21:21.138,316,RAD,horizontal,1,23.32,25.82,67.5,21.6,35,28.59,1.33,0.73,2,0.84,0,0,horizontal best
2026-08-21T15:21:21.234,317,RAD,horizontal,1,23.29,25.79,67.5,21.7,36,28.63,1.33,0.75,2,0.88,0,0,horizontal best
2026-08-21T15:21:21.360,318,RAD,horizontal,1,23.32,25.82,67.4,21.9,34,28.63,1.33,0.71,2,0.82,0,0,horizontal best
2026-08-21T15:21:21.456,319,RAD,horizontal,1,23.32,25.82,67.4,21.9,34,28.61,1.33,0.71,2,0.82,0,0,horizontal best
2026-08-21T15:21:21.583,320,RAD,horizontal,1,23.32,25.82,67.3,22.0,34,28.59,1.33,0.71,2,0.82,0,0,horizontal best
2026-08-21T15:21:21.680,321,RAD,horizontal,1,23.32,25.82,67.4,21.9,33,28.57,1.33,0.69,2,0.78,0,0,horizontal best
2026-08-21T15:21:21.806,322,RAD,horizontal,1,23.32,25.82,67.4,21.9,33,28.61,1.33,0.69,2,0.79,0,0,horizontal best
2026-08-21T15:21:21.936,323,RAD,horizontal,1,23.32,25.82,67.4,21.8,33,28.61,1.33,0.69,2,0.80,0,0,horizontal best
2026-08-21T15:21:22.032,324,RAD,horizontal,1,23.29,25.79,67.4,21.8,33,28.61,1.33,0.69,2,0.80,0,0,horizontal best
2026-08-21T15:21:22.160,325,RAD,horizontal,1,23.27,25.77,67.5,21.9,33,28.61,1.33,0.69,2,0.80,0,0,horizontal best
2026-08-21T15:21:22.256,326,RAD,horizontal,1,23.27,25.77,67.6,21.9,33,28.59,1.33,0.69,1,0.81,0,0,horizontal best
2026-08-21T15:21:22.385,327,RAD,horizontal,1,23.27,25.77,67.5,21.9,32,28.59,1.33,0.67,1,0.78,0,0,horizontal best
2026-08-21T15:21:22.481,328,RAD,horizontal,1,23.27,25.77,67.6,21.9,33,28.59,1.33,0.69,1,0.83,0,0,horizontal best
2026-08-21T15:21:22.607,329,RAD,horizontal,1,23.27,25.77,67.6,21.9,33,28.59,1.33,0.69,1,0.80,0,0,horizontal best
2026-08-21T15:21:22.705,330,RAD,horizontal,1,23.27,25.77,67.5,21.9,34,28.59,1.33,0.71,2,0.83,0,0,horizontal best
2026-08-21T15:21:22.835,331,RAD,horizontal,1,23.32,25.82,67.5,21.9,34,28.59,1.33,0.71,2,0.77,0,0,horizontal best
2026-08-21T15:21:22.960,332,RAD,horizontal,1,23.34,25.84,67.4,21.9,34,28.59,1.33,0.71,2,0.76,0,0,horizontal best
2026-08-21T15:21:23.056,333,RAD,horizontal,1,23.34,25.84,67.4,21.8,33,28.59,1.33,0.69,1,0.75,0,0,horizontal best
2026-08-21T15:21:23.184,334,RAD,horizontal,1,23.34,25.84,67.4,21.8,33,28.59,1.33,0.69,1,0.75,0,0,horizontal best
2026-08-21T15:21:23.280,335,RAD,horizontal,1,23.34,25.84,67.5,21.7,37,28.61,1.33,0.77,1,0.82,0,0,horizontal best
2026-08-21T15:21:23.407,336,RAD,horizontal,1,23.34,25.84,67.7,21.8,33,28.52,1.33,0.69,1,0.72,0,0,horizontal best
2026-08-21T15:21:23.504,337,RAD,horizontal,1,23.36,25.86,68.3,21.5,30,28.30,1.17,0.71,1,0.75,0,0,horizontal best
2026-08-21T15:21:23.631,338,RAD,horizontal,1,23.34,25.84,69.2,21.4,26,28.35,1.40,0.74,1,0.72,0,0,horizontal best
2026-08-21T15:21:23.759,339,RAD,horizontal,1,23.36,25.86,70.4,21.2,26,28.32,1.75,0.93,1,0.78,0,0,horizontal best
2026-08-21T15:21:23.857,340,RAD,horizontal,1,23.34,25.84,71.4,21.1,23,28.23,2.00,0.72,1,0.68,0,0,horizontal best
2026-08-21T15:21:23.984,341,RAD,horizontal,1,23.34,25.84,72.3,21.3,26,28.21,1.33,0.54,2,0.68,0,0,horizontal best
2026-08-21T15:21:24.082,342,RAD,horizontal,1,23.36,25.86,73.1,21.1,26,28.32,1.60,0.65,2,0.82,0,0,horizontal best
2026-08-21T15:21:24.207,343,RAD,horizontal,1,23.36,25.86,73.9,21.3,24,28.39,1.40,0.69,2,0.76,0,0,horizontal best
2026-08-21T15:21:24.304,344,RAD,horizontal,1,23.36,25.86,75.1,21.3,20,28.08,1.75,0.71,2,0.62,0,0,horizontal best
2026-08-21T15:21:24.431,345,RAD,horizontal,1,23.36,25.86,76.7,21.0,18,28.01,1.00,0.50,1,0.62,0,0,horizontal best
2026-08-21T15:21:24.528,346,RAD,horizontal,1,23.39,25.89,78.1,20.8,19,27.79,0.86,0.45,1,0.57,0,0,horizontal best
2026-08-21T15:21:24.654,347,RAD,horizontal,1,23.39,25.89,79.3,20.8,22,27.99,1.00,0.45,1,0.72,0,0,horizontal best
2026-08-21T15:21:24.783,348,RAD,horizontal,1,23.39,25.89,80.3,20.8,24,28.57,0.86,0.57,1,0.74,0,0,horizontal best
2026-08-21T15:21:24.880,349,RAD,horizontal,1,23.39,25.89,81.5,21.0,26,28.46,1.00,0.53,1,0.75,0,0,horizontal best
2026-08-21T15:21:25.008,350,RAD,horizontal,1,23.39,25.89,82.8,21.2,26,28.63,1.00,0.53,1,0.72,0,0,horizontal best
2026-08-21T15:21:25.105,351,RAD,horizontal,1,23.39,25.89,84.2,21.2,30,28.63,1.00,0.61,1,0.88,0,0,horizontal best
2026-08-21T15:21:25.232,352,RAD,horizontal,1,23.41,25.91,85.2,20.9,32,28.94,0.88,0.57,1,0.92,0,0,horizontal best
2026-08-21T15:21:25.327,353,RAD,horizontal,1,23.41,25.91,86.0,20.9,31,28.92,0.88,0.55,1,0.91,0,0,horizontal best
2026-08-21T15:21:25.457,354,RAD,horizontal,1,23.41,25.91,86.6,20.9,28,28.66,0.86,0.67,1,0.79,0,0,horizontal best
2026-08-21T15:21:25.554,355,RAD,horizontal,1,23.41,25.91,87.4,21.1,24,28.70,0.86,0.57,1,0.78,0,0,horizontal best
2026-08-21T15:21:25.681,356,RAD,horizontal,1,23.41,25.91,88.3,21.2,25,28.81,0.86,0.60,1,0.84,0,0,horizontal best
2026-08-21T15:21:25.807,357,RAD,horizontal,1,23.41,25.91,89.1,21.3,24,28.61,1.00,0.67,1,0.81,0,0,horizontal best
2026-08-21T15:21:25.904,358,RAD,horizontal,1,23.39,25.89,89.8,21.2,26,28.59,0.86,0.62,1,0.91,0,0,horizontal best
2026-08-21T15:21:26.032,359,RAD,horizontal,1,23.41,25.91,90.3,21.3,24,28.68,1.00,0.67,1,0.78,0,0,horizontal best
2026-08-21T15:21:26.128,360,RAD,horizontal,1,23.41,25.91,91.0,21.6,24,29.01,0.86,0.57,1,0.88,0,0,horizontal best
2026-08-21T15:21:26.255,361,RAD,horizontal,1,23.43,25.93,91.7,21.9,24,28.99,1.00,0.67,1,0.79,0,0,horizontal best
2026-08-21T15:21:26.353,362,RAD,horizontal,1,23.43,25.93,92.4,22.1,28,28.79,1.17,0.67,1,0.81,0,0,horizontal best
2026-08-21T15:21:26.480,363,RAD,horizontal,1,23.43,25.93,93.0,22.2,29,28.63,1.00,0.59,1,0.78,0,0,horizontal best
2026-08-21T15:21:26.607,364,RAD,horizontal,1,23.41,25.91,93.4,22.5,31,28.59,1.33,0.65,1,0.78,0,0,horizontal best
2026-08-21T15:21:26.704,365,RAD,horizontal,1,23.41,25.91,93.7,22.7,33,28.59,1.33,0.69,2,0.80,0,0,horizontal best
2026-08-21T15:21:26.847,366,RAD,horizontal,1,23.41,25.91,93.6,22.8,32,28.46,1.33,0.67,2,0.76,0,0,horizontal best
2026-08-21T15:21:26.926,367,RAD,horizontal,1,23.41,25.91,93.6,22.9,33,28.46,1.33,0.69,2,0.78,0,0,horizontal best
2026-08-21T15:21:27.057,368,RAD,horizontal,1,23.39,25.89,93.6,22.9,33,28.43,1.33,0.69,2,0.76,0,0,horizontal best
2026-08-21T15:21:27.151,369,RAD,horizontal,1,23.39,25.89,93.7,23.8,41,28.43,2.17,0.53,3,0.81,0,0,horizontal best
2026-08-21T15:21:27.280,370,RAD,horizontal,1,23.39,25.89,93.7,24.1,40,28.46,2.17,0.51,3,0.81,0,0,horizontal best
2026-08-21T15:21:27.377,371,RAD,horizontal,1,23.39,25.89,93.7,24.1,40,28.46,2.17,0.51,2,0.79,0,0,horizontal best
2026-08-21T15:21:27.504,372,RAD,horizontal,1,23.39,25.89,93.8,24.1,41,28.46,2.17,0.53,2,0.78,0,0,horizontal best
2026-08-21T15:21:27.632,373,RAD,horizontal,1,23.39,25.89,93.7,23.3,34,28.48,1.33,0.71,1,0.68,0,0,horizontal best
2026-08-21T15:21:27.728,374,RAD,horizontal,1,23.39,25.89,93.7,23.7,41,28.48,2.17,0.53,2,0.77,0,0,horizontal best
2026-08-21T15:21:27.857,375,RAD,horizontal,1,23.41,25.91,93.8,23.9,41,28.48,2.17,0.53,2,0.76,0,0,horizontal best
2026-08-21T15:21:27.951,376,RAD,horizontal,1,23.41,25.91,93.8,24.2,44,28.48,2.17,0.56,3,0.86,0,0,horizontal best
2026-08-21T15:21:28.080,377,RAD,horizontal,1,23.41,25.91,93.8,24.3,44,28.48,2.17,0.56,3,0.86,0,0,horizontal best
2026-08-21T15:21:28.177,378,RAD,horizontal,1,23.41,25.91,93.8,24.3,44,28.48,2.17,0.56,3,0.86,0,0,horizontal best
2026-08-21T15:21:28.304,379,RAD,horizontal,1,23.41,25.91,93.8,24.3,44,28.48,2.17,0.56,3,0.87,0,0,horizontal best
2026-08-21T15:21:28.433,380,RAD,horizontal,1,23.43,25.93,93.8,24.1,41,28.57,2.17,0.53,3,0.80,0,0,horizontal best
2026-08-21T15:21:28.530,381,RAD,horizontal,1,23.43,25.93,93.8,23.9,42,28.70,2.17,0.54,3,0.83,0,0,horizontal best
2026-08-21T15:21:28.658,382,RAD,horizontal,1,23.46,25.96,93.8,23.9,42,28.70,2.17,0.54,3,0.84,0,0,horizontal best
2026-08-21T15:21:28.752,383,RAD,horizontal,1,23.43,25.93,93.7,23.1,35,28.68,1.33,0.73,2,0.75,0,0,horizontal best
2026-08-21T15:21:28.880,384,RAD,horizontal,1,23.43,25.93,93.7,22.8,35,28.68,1.33,0.73,2,0.75,0,0,horizontal best
2026-08-21T15:21:28.976,385,RAD,horizontal,1,23.43,25.93,93.6,22.7,35,28.68,1.33,0.73,2,0.76,0,0,horizontal best
2026-08-21T15:21:29.103,386,RAD,horizontal,1,23.43,25.93,93.8,23.7,45,28.68,2.17,0.58,3,0.94,0,0,horizontal best
2026-08-21T15:21:29.200,387,RAD,horizontal,1,23.43,25.93,94.0,24.4,42,28.68,1.86,0.46,2,0.96,0,0,horizontal best
2026-08-21T15:21:29.329,388,RAD,horizontal,1,23.46,25.96,94.2,24.5,47,28.88,1.86,0.52,2,1.01,0,0,horizontal best
2026-08-21T15:21:29.458,389,RAD,horizontal,1,23.51,26.01,94.4,24.7,51,28.81,1.86,0.56,3,0.99,0,0,horizontal best
2026-08-21T15:21:29.554,390,RAD,horizontal,1,23.53,26.03,94.9,25.2,52,28.81,1.86,0.57,3,1.00,0,0,horizontal best
2026-08-21T15:21:29.682,391,RAD,horizontal,1,23.53,26.03,95.3,25.6,52,28.81,1.86,0.57,2,0.97,0,0,horizontal best
2026-08-21T15:21:29.778,392,RAD,horizontal,1,23.53,26.03,95.9,26.0,58,28.81,1.62,0.56,2,0.97,0,0,horizontal best
2026-08-21T15:21:29.905,393,RAD,horizontal,1,23.53,26.03,96.3,26.4,66,28.77,1.75,0.59,2,0.92,0,0,horizontal best
2026-08-21T15:21:29.999,394,RAD,horizontal,1,23.53,26.03,96.8,26.5,58,28.72,2.00,0.59,2,0.81,0,0,horizontal best
2026-08-21T15:21:30.128,395,RAD,horizontal,1,23.53,26.03,97.1,27.0,63,28.72,2.00,0.64,3,0.87,0,0,horizontal best
2026-08-21T15:21:30.257,396,RAD,horizontal,1,23.55,26.05,97.3,27.3,62,28.94,2.33,0.74,3,0.83,0,0,horizontal best
2026-08-21T15:21:30.352,397,RAD,horizontal,1,23.60,26.10,97.7,27.6,68,28.94,2.00,0.69,2,0.87,0,0,horizontal best
2026-08-21T15:21:30.482,398,RAD,horizontal,1,23.62,26.12,98.0,28.3,79,28.88,2.29,0.71,3,0.84,0,0,horizontal best
2026-08-21T15:21:30.578,399,RAD,horizontal,1,23.62,26.12,98.1,28.7,78,28.90,2.29,0.70,3,0.78,0,0,horizontal best
2026-08-21T15:21:30.705,400,RAD,horizontal,1,23.62,26.12,98.4,29.1,83,29.03,2.00,0.65,3,0.84,0,0,horizontal best
2026-08-21T15:21:30.800,401,RAD,horizontal,1,23.62,26.12,98.5,29.5,86,29.14,2.00,0.67,3,0.88,0,0,horizontal best
2026-08-21T15:21:30.929,402,RAD,horizontal,1,23.67,26.17,98.7,30.1,86,29.08,2.00,0.67,2,0.82,0,0,horizontal best
2026-08-21T15:21:31.029,403,RAD,horizontal,1,23.67,26.17,98.8,30.8,96,29.03,1.78,0.67,4,0.83,0,0,horizontal best
2026-08-21T15:21:31.158,404,RAD,horizontal,1,23.67,26.17,99.1,31.2,107,29.21,1.89,0.70,3,0.81,0,0,horizontal best
2026-08-21T15:21:31.285,405,RAD,horizontal,1,23.67,26.17,99.2,31.5,108,29.19,2.11,0.63,3,0.87,0,0,horizontal best
2026-08-21T15:21:31.381,406,RAD,horizontal,1,23.67,26.17,99.0,32.1,106,29.57,1.60,0.66,3,0.93,0,0,horizontal best
2026-08-21T15:21:31.510,407,RAD,horizontal,1,23.67,26.17,99.0,32.9,112,29.30,1.80,0.62,2,0.96,0,0,horizontal best
2026-08-21T15:21:31.602,408,RAD,horizontal,1,23.67,26.17,98.9,33.5,123,29.23,1.70,0.72,3,0.90,0,0,horizontal best
2026-08-21T15:21:31.733,409,RAD,horizontal,1,23.67,26.17,98.9,34.0,132,29.34,1.73,0.63,5,0.92,0,0,horizontal best
2026-08-21T15:21:31.828,410,RAD,horizontal,1,23.67,26.17,99.1,34.5,138,29.37,1.82,0.63,5,0.96,0,0,horizontal best
2026-08-21T15:21:31.957,411,RAD,horizontal,1,23.70,26.20,99.4,34.8,133,29.74,1.73,0.64,5,0.91,0,0,horizontal best
2026-08-21T15:21:32.053,412,RAD,horizontal,1,23.70,26.20,99.7,35.5,134,29.43,1.64,0.68,4,0.92,0,0,horizontal best
2026-08-21T15:21:32.181,413,RAD,horizontal,1,23.70,26.20,100.1,36.5,156,29.45,1.82,0.71,6,0.94,0,0,horizontal best
2026-08-21T15:21:32.308,414,RAD,horizontal,1,23.67,26.17,100.4,35.6,102,29.57,1.73,0.49,5,0.83,0,0,horizontal best
2026-08-21T15:21:32.407,415,RAD,horizontal,1,23.67,26.17,100.5,37.2,168,29.57,1.92,0.61,6,1.00,0,0,horizontal best
2026-08-21T15:21:32.533,416,RAD,horizontal,1,23.67,26.17,100.4,38.3,166,29.52,1.83,0.63,5,1.03,0,0,horizontal best
2026-08-21T15:21:32.629,417,RAD,horizontal,1,23.67,26.17,100.3,39.2,163,29.74,1.91,0.71,6,0.98,0,0,horizontal best
2026-08-21T15:21:32.758,418,RAD,horizontal,1,23.70,26.20,100.1,40.1,184,29.59,2.09,0.73,6,0.95,0,0,horizontal best
2026-08-21T15:21:32.852,419,RAD,horizontal,1,23.70,26.20,100.0,39.9,145,29.72,1.75,0.58,7,0.83,0,0,horizontal best
2026-08-21T15:21:32.982,420,RAD,horizontal,1,23.70,26.20,100.2,40.1,145,29.65,1.75,0.58,6,0.84,0,0,horizontal best
2026-08-21T15:21:33.109,421,RAD,horizontal,1,23.70,26.20,100.7,39.7,115,29.72,1.17,0.68,6,0.63,0,0,horizontal best
2026-08-21T15:21:33.205,422,RAD,horizontal,1,23.70,26.20,101.2,41.2,147,29.90,1.62,0.54,5,0.90,0,0,horizontal best
2026-08-21T15:21:33.334,423,RAD,horizontal,1,23.72,26.22,101.9,42.3,161,29.85,1.85,0.52,6,0.87,0,0,horizontal best
2026-08-21T15:21:33.429,424,RAD,horizontal,1,23.72,26.22,102.5,43.1,162,29.72,1.64,0.50,6,0.87,0,0,horizontal best
2026-08-21T15:21:33.559,425,RAD,horizontal,1,23.72,26.22,102.8,45.4,254,29.70,1.67,0.68,7,1.11,0,0,horizontal best
2026-08-21T15:21:33.653,426,RAD,horizontal,1,23.72,26.22,103.3,45.1,158,30.10,1.36,0.59,6,0.94,0,0,horizontal best
2026-08-21T15:21:33.780,427,RAD,horizontal,1,23.72,26.22,103.2,45.4,154,29.99,1.14,0.69,5,0.73,0,0,horizontal best
2026-08-21T15:21:33.875,428,RAD,horizontal,1,23.70,26.20,103.5,46.4,169,30.30,1.07,0.70,5,0.75,0,0,horizontal best
2026-08-21T15:21:34.006,429,RAD,horizontal,1,23.72,26.22,104.0,49.2,239,30.25,1.62,0.57,9,1.02,0,0,horizontal best
2026-08-21T15:21:34.131,430,RAD,horizontal,1,23.70,26.20,104.5,49.1,189,30.25,1.13,0.74,5,0.77,0,0,horizontal best
2026-08-21T15:21:34.228,431,RAD,horizontal,1,23.70,26.20,105.3,50.2,196,30.30,1.27,0.69,7,0.79,0,0,horizontal best
2026-08-21T15:21:34.355,432,RAD,horizontal,1,23.70,26.20,106.4,53.1,240,30.01,1.73,0.62,8,0.94,0,0,horizontal best
2026-08-21T15:21:34.452,433,RAD,horizontal,1,23.67,26.17,107.6,54.3,229,30.32,1.31,0.68,9,0.79,0,0,horizontal best
2026-08-21T15:21:34.579,434,RAD,horizontal,1,23.67,26.17,108.7,55.1,236,30.25,1.06,0.69,7,0.79,0,0,horizontal best
2026-08-21T15:21:34.676,435,RAD,horizontal,1,23.65,26.15,109.5,56.5,256,30.14,1.17,0.68,5,0.81,0,0,horizontal best
2026-08-21T15:21:34.806,436,RAD,horizontal,1,23.65,26.15,110.4,59.1,287,30.25,1.50,0.59,8,0.90,0,0,horizontal best
2026-08-21T15:21:34.933,437,RAD,horizontal,1,23.65,26.15,110.6,61.7,285,30.60,1.22,0.72,8,0.91,0,0,horizontal best
2026-08-21T15:21:35.029,438,RAD,horizontal,1,23.65,26.15,111.0,65.4,351,30.52,1.72,0.63,8,1.00,0,0,horizontal best
2026-08-21T15:21:35.155,439,RAD,horizontal,1,23.62,26.12,111.4,69.3,439,30.45,1.78,0.76,9,1.16,0,0,horizontal best
2026-08-21T15:21:35.250,440,RAD,horizontal,1,23.62,26.12,111.8,71.1,402,30.76,1.94,0.64,10,1.02,0,0,horizontal best
2026-08-21T15:21:35.378,441,RAD,horizontal,1,23.62,26.12,112.1,73.0,391,31.11,2.06,0.66,8,0.96,0,0,horizontal best
2026-08-21T15:21:35.475,442,RAD,horizontal,1,23.62,26.12,112.5,75.6,397,31.02,1.94,0.63,10,0.96,0,0,horizontal best
2026-08-21T15:21:35.602,443,RAD,horizontal,1,23.62,26.12,113.0,78.9,437,31.04,1.71,0.58,11,0.98,0,0,horizontal best
2026-08-21T15:21:35.700,444,RAD,horizontal,1,23.62,26.12,113.3,81.6,430,31.15,0.00,0.00,10,1.08,0,0,horizontal best
2026-08-21T15:21:35.829,445,RAD,horizontal,1,23.62,26.12,112.7,83.9,488,30.85,0.00,0.00,13,1.10,0,0,horizontal best
2026-08-21T15:21:35.957,446,RAD,horizontal,1,23.62,26.12,111.4,86.9,661,30.69,1.17,0.67,9,1.11,0,0,horizontal best
2026-08-21T15:21:36.055,447,RAD,horizontal,1,23.67,26.17,109.3,89.6,678,30.69,1.10,0.64,11,1.12,0,0,horizontal best
2026-08-21T15:21:36.183,448,RAD,horizontal,1,23.67,26.17,106.2,92.4,696,30.63,1.03,0.58,12,1.14,0,0,horizontal best
2026-08-21T15:21:36.278,449,RAD,horizontal,1,23.65,26.15,102.8,94.8,743,30.87,1.03,0.62,13,1.17,0,0,horizontal best
2026-08-21T15:21:36.404,450,RAD,horizontal,1,23.65,26.15,100.1,97.2,786,30.63,1.03,0.66,13,1.19,0,0,horizontal best
2026-08-21T15:21:36.503,451,RAD,horizontal,1,23.65,26.15,98.1,98.9,838,30.91,0.00,0.00,14,1.22,0,0,horizontal best
2026-08-21T15:21:36.632,452,RAD,horizontal,1,23.62,26.12,96.9,100.9,810,30.93,0.00,0.00,15,1.15,0,0,horizontal best
2026-08-21T15:21:36.762,453,RAD,horizontal,1,23.62,26.12,96.6,103.3,611,31.22,0.88,0.64,12,1.20,0,0,horizontal best
2026-08-21T15:21:36.854,454,RAD,horizontal,1,23.62,26.12,96.6,105.1,731,30.95,1.03,0.58,14,1.20,0,0,horizontal best
2026-08-21T15:21:36.983,455,RAD,horizontal,1,23.62,26.12,96.0,107.5,725,30.93,0.91,0.65,13,1.18,0,0,horizontal best
2026-08-21T15:21:37.076,456,RAD,horizontal,1,23.60,26.10,95.5,109.0,677,30.98,0.78,0.67,10,1.29,0,0,horizontal best
2026-08-21T15:21:37.207,457,RAD,horizontal,1,23.60,26.10,94.9,110.2,605,30.98,0.69,0.67,10,1.25,0,0,horizontal best
2026-08-21T15:21:37.294,458,RAD,horizontal,0,23.60,26.10,,,,,,,,,,,horizontal best
2026-08-21T15:21:37.422,459,RAD,horizontal,0,23.58,26.08,,,,,,,,,,,horizontal best
2026-08-21T15:21:37.521,460,RAD,horizontal,0,23.58,26.08,,,,,,,,,,,horizontal best
2026-08-21T15:21:37.645,461,RAD,horizontal,0,23.55,26.05,,,,,,,,,,,horizontal best
2026-08-21T15:21:37.773,462,RAD,horizontal,0,23.58,26.08,,,,,,,,,,,horizontal best
2026-08-21T15:21:37.870,463,RAD,horizontal,0,23.55,26.05,,,,,,,,,,,horizontal best
2026-08-21T15:21:37.998,464,RAD,horizontal,0,23.55,26.05,,,,,,,,,,,horizontal best
2026-08-21T15:21:38.095,465,RAD,horizontal,0,23.55,26.05,,,,,,,,,,,horizontal best
