frame,timestamp,n_person,n_omega,conf_mean,conf_min,ambient_c,thresh,note
262,2026-08-27T12:48:48.226,0,0,,,24.04,0.374,
263,2026-08-27T12:48:48.371,0,0,,,24.04,0.374,
264,2026-08-27T12:48:48.457,0,0,,,24.04,0.374,
265,2026-08-27T12:48:48.579,0,0,,,24.04,0.374,
266,2026-08-27T12:48:48.673,0,0,,,24.04,0.374,
267,2026-08-27T12:48:48.801,0,0,,,24.07,0.374,
268,2026-08-27T12:48:48.899,0,0,,,24.07,0.374,
269,2026-08-27T12:48:49.025,0,0,,,24.11,0.374,
270,2026-08-27T12:48:49.155,0,0,,,24.11,0.374,
271,2026-08-27T12:48:49.248,0,0,,,24.14,0.374,
272,2026-08-27T12:48:49.375,0,0,,,24.14,0.374,
273,2026-08-27T12:48:49.472,0,0,,,24.14,0.374,
274,2026-08-27T12:48:49.599,0,0,,,24.14,0.374,
275,2026-08-27T12:48:49.695,0,0,,,24.14,0.374,
276,2026-08-27T12:48:49.822,0,0,,,24.16,0.374,
277,2026-08-27T12:48:49.919,0,0,,,24.16,0.374,
278,2026-08-27T12:48:50.050,0,0,,,24.16,0.374,
279,2026-08-27T12:48:50.177,0,0,,,24.16,0.374,
280,2026-08-27T12:48:50.270,0,0,,,24.16,0.374,
281,2026-08-27T12:48:50.400,0,0,,,24.14,0.374,
282,2026-08-27T12:48:50.497,0,0,,,24.14,0.374,
283,2026-08-27T12:48:50.624,0,0,,,24.14,0.374,
284,2026-08-27T12:48:50.720,0,0,,,24.14,0.374,
285,2026-08-27T12:48:50.849,0,0,,,24.14,0.374,
286,2026-08-27T12:48:50.976,0,0,,,24.14,0.374,
287,2026-08-27T12:48:51.073,0,0,,,24.14,0.374,
288,2026-08-27T12:48:51.199,0,0,,,24.16,0.374,
289,2026-08-27T12:48:51.295,0,0,,,24.18,0.374,
290,2026-08-27T12:48:51.424,0,0,,,24.18,0.374,
291,2026-08-27T12:48:51.519,0,0,,,24.16,0.374,
292,2026-08-27T12:48:51.649,0,0,,,24.16,0.374,
293,2026-08-27T12:48:51.744,0,0,,,24.14,0.374,
294,2026-08-27T12:48:51.872,0,0,,,24.14,0.374,
295,2026-08-27T12:48:52.000,0,0,,,24.14,0.374,
296,2026-08-27T12:48:52.096,0,0,,,24.14,0.374,
297,2026-08-27T12:48:52.223,0,0,,,24.14,0.374,
298,2026-08-27T12:48:52.320,0,0,,,24.14,0.374,
299,2026-08-27T12:48:52.450,0,0,,,24.11,0.374,
300,2026-08-27T12:48:52.547,0,0,,,24.11,0.374,
301,2026-08-27T12:48:52.671,0,0,,,24.11,0.374,
302,2026-08-27T12:48:52.767,0,0,,,24.14,0.374,
303,2026-08-27T12:48:52.895,0,0,,,24.18,0.374,
304,2026-08-27T12:48:53.023,0,0,,,24.21,0.374,
305,2026-08-27T12:48:53.120,0,0,,,24.21,0.374,
306,2026-08-27T12:48:53.249,0,0,,,24.21,0.374,
307,2026-08-27T12:48:53.344,0,0,,,24.18,0.374,
308,2026-08-27T12:48:53.471,0,0,,,24.16,0.374,
309,2026-08-27T12:48:53.567,0,0,,,24.16,0.374,
310,2026-08-27T12:48:53.695,0,0,,,24.16,0.374,
311,2026-08-27T12:48:53.822,0,0,,,24.16,0.374,
312,2026-08-27T12:48:53.920,0,0,,,24.16,0.374,
313,2026-08-27T12:48:54.049,0,0,,,24.14,0.374,
314,2026-08-27T12:48:54.142,0,0,,,24.14,0.374,
315,2026-08-27T12:48:54.277,0,0,,,24.14,0.374,
316,2026-08-27T12:48:54.371,0,0,,,24.14,0.374,
317,2026-08-27T12:48:54.498,0,0,,,24.14,0.374,
318,2026-08-27T12:48:54.591,0,0,,,24.14,0.374,
319,2026-08-27T12:48:54.719,0,0,,,24.14,0.374,
320,2026-08-27T12:48:54.846,0,0,,,24.14,0.374,
321,2026-08-27T12:48:54.943,0,0,,,24.14,0.374,
322,2026-08-27T12:48:55.071,0,0,,,24.11,0.374,
323,2026-08-27T12:48:55.167,0,0,,,24.11,0.374,
324,2026-08-27T12:48:55.296,0,0,,,24.07,0.374,
325,2026-08-27T12:48:55.394,0,0,,,24.07,0.374,
326,2026-08-27T12:48:55.520,0,0,,,24.07,0.374,
327,2026-08-27T12:48:55.648,0,0,,,24.07,0.374,
328,2026-08-27T12:48:55.745,0,0,,,24.09,0.374,
329,2026-08-27T12:48:55.873,0,0,,,24.09,0.374,
330,2026-08-27T12:48:55.970,0,0,,,24.09,0.374,
331,2026-08-27T12:48:56.097,0,0,,,24.09,0.374,
332,2026-08-27T12:48:56.192,0,0,,,24.07,0.374,
333,2026-08-27T12:48:56.321,0,0,,,24.04,0.374,
334,2026-08-27T12:48:56.414,0,0,,,24.04,0.374,
335,2026-08-27T12:48:56.544,0,0,,,24.04,0.374,
336,2026-08-27T12:48:56.670,0,0,,,24.04,0.374,
337,2026-08-27T12:48:56.766,0,1,0.710,0.710,24.07,0.374,
338,2026-08-27T12:48:56.896,0,1,0.433,0.433,24.04,0.374,
339,2026-08-27T12:48:56.990,1,1,0.692,0.479,24.04,0.374,
340,2026-08-27T12:48:57.119,1,1,0.667,0.468,24.04,0.374,
341,2026-08-27T12:48:57.215,2,1,0.669,0.430,24.04,0.374,
342,2026-08-27T12:48:57.349,1,1,0.758,0.588,24.07,0.374,
343,2026-08-27T12:48:57.476,0,1,0.574,0.574,24.09,0.374,
344,2026-08-27T12:48:57.569,1,1,0.802,0.640,24.14,0.374,
345,2026-08-27T12:48:57.698,1,1,0.862,0.775,24.11,0.374,
346,2026-08-27T12:48:57.791,1,1,0.857,0.761,24.11,0.374,
347,2026-08-27T12:48:57.920,1,1,0.836,0.718,24.11,0.374,
348,2026-08-27T12:48:58.015,1,1,0.762,0.592,24.14,0.374,
349,2026-08-27T12:48:58.145,0,1,0.942,0.942,24.11,0.374,
350,2026-08-27T12:48:58.239,1,1,0.753,0.543,24.14,0.374,
351,2026-08-27T12:48:58.368,1,1,0.898,0.849,24.11,0.374,
352,2026-08-27T12:48:58.498,0,1,0.944,0.944,24.11,0.374,
353,2026-08-27T12:48:58.593,1,1,0.873,0.804,24.11,0.374,
354,2026-08-27T12:48:58.720,1,1,0.602,0.524,24.11,0.374,
355,2026-08-27T12:48:58.815,1,1,0.864,0.781,24.10,0.374,
356,2026-08-27T12:48:58.942,1,1,0.861,0.851,24.11,0.374,
357,2026-08-27T12:48:59.039,1,1,0.870,0.865,24.09,0.374,
358,2026-08-27T12:48:59.167,1,1,0.737,0.586,24.09,0.374,
359,2026-08-27T12:48:59.262,2,1,0.666,0.453,24.09,0.374,
360,2026-08-27T12:48:59.392,1,1,0.808,0.694,24.09,0.374,
361,2026-08-27T12:48:59.519,1,1,0.764,0.729,24.09,0.374,
362,2026-08-27T12:48:59.615,1,1,0.716,0.654,24.09,0.374,
363,2026-08-27T12:48:59.745,1,1,0.837,0.834,24.09,0.374,
364,2026-08-27T12:48:59.842,1,1,0.844,0.815,24.11,0.374,
365,2026-08-27T12:48:59.967,1,1,0.908,0.907,24.11,0.374,
366,2026-08-27T12:49:00.062,1,1,0.932,0.921,24.11,0.374,
367,2026-08-27T12:49:00.192,1,1,0.936,0.928,24.14,0.374,
368,2026-08-27T12:49:00.320,1,1,0.872,0.846,24.11,0.374,
369,2026-08-27T12:49:00.415,2,1,0.580,0.491,24.11,0.374,
370,2026-08-27T12:49:00.543,1,1,0.927,0.923,24.11,0.374,
371,2026-08-27T12:49:00.640,1,1,0.838,0.744,24.16,0.374,
372,2026-08-27T12:49:00.768,1,1,0.867,0.807,24.14,0.374,
373,2026-08-27T12:49:00.863,1,1,0.801,0.729,24.16,0.374,
374,2026-08-27T12:49:00.991,1,1,0.812,0.796,24.16,0.374,
375,2026-08-27T12:49:01.086,1,1,0.717,0.631,24.18,0.374,
376,2026-08-27T12:49:01.215,1,1,0.868,0.830,24.18,0.374,
377,2026-08-27T12:49:01.342,1,1,0.868,0.845,24.18,0.374,
378,2026-08-27T12:49:01.439,1,1,0.727,0.650,24.21,0.374,
379,2026-08-27T12:49:01.567,0,1,0.870,0.870,24.18,0.374,
380,2026-08-27T12:49:01.662,1,0,0.709,0.709,24.18,0.374,
381,2026-08-27T12:49:01.792,1,1,0.890,0.884,24.18,0.374,
382,2026-08-27T12:49:01.888,1,1,0.812,0.692,24.21,0.374,
383,2026-08-27T12:49:02.014,1,1,0.838,0.794,24.23,0.374,
384,2026-08-27T12:49:02.146,1,1,0.908,0.901,24.23,0.374,
385,2026-08-27T12:49:02.241,1,0,0.902,0.902,24.23,0.374,
386,2026-08-27T12:49:02.373,1,1,0.838,0.763,24.21,0.374,
387,2026-08-27T12:49:02.468,1,1,0.872,0.859,24.18,0.374,
388,2026-08-27T12:49:02.597,2,1,0.677,0.513,24.14,0.374,
389,2026-08-27T12:49:02.694,1,1,0.781,0.721,24.14,0.374,
390,2026-08-27T12:49:02.821,1,1,0.798,0.736,24.14,0.374,
391,2026-08-27T12:49:02.919,1,1,0.723,0.656,24.11,0.374,
392,2026-08-27T12:49:03.049,1,1,0.833,0.765,24.11,0.374,
393,2026-08-27T12:49:03.171,1,1,0.898,0.884,24.11,0.374,
394,2026-08-27T12:49:03.267,1,1,0.896,0.895,24.11,0.374,
395,2026-08-27T12:49:03.395,1,1,0.916,0.915,24.11,0.374,
396,2026-08-27T12:49:03.491,1,1,0.911,0.893,24.09,0.374,
397,2026-08-27T12:49:03.618,1,1,0.912,0.894,24.09,0.374,
398,2026-08-27T12:49:03.712,1,1,0.883,0.824,24.07,0.374,
399,2026-08-27T12:49:03.841,1,1,0.876,0.813,24.09,0.374,
400,2026-08-27T12:49:03.967,1,1,0.892,0.861,24.09,0.374,
401,2026-08-27T12:49:04.063,1,1,0.887,0.848,24.09,0.374,
402,2026-08-27T12:49:04.190,1,1,0.867,0.794,24.09,0.374,
403,2026-08-27T12:49:04.293,1,1,0.919,0.902,24.09,0.374,
404,2026-08-27T12:49:04.422,1,1,0.911,0.874,24.11,0.374,
405,2026-08-27T12:49:04.511,1,1,0.911,0.896,24.09,0.374,
406,2026-08-27T12:49:04.640,1,1,0.861,0.842,24.09,0.374,
407,2026-08-27T12:49:04.735,1,1,0.888,0.887,24.11,0.374,
408,2026-08-27T12:49:04.864,1,1,0.901,0.889,24.14,0.374,
409,2026-08-27T12:49:04.993,1,1,0.897,0.891,24.14,0.374,
410,2026-08-27T12:49:05.086,1,1,0.876,0.869,24.14,0.374,
411,2026-08-27T12:49:05.216,1,1,0.819,0.817,24.14,0.374,
412,2026-08-27T12:49:05.310,1,1,0.880,0.847,24.14,0.374,
413,2026-08-27T12:49:05.441,1,1,0.874,0.841,24.11,0.374,
414,2026-08-27T12:49:05.537,1,1,0.889,0.842,24.11,0.374,
415,2026-08-27T12:49:05.662,1,1,0.815,0.707,24.09,0.374,
416,2026-08-27T12:49:05.759,1,1,0.910,0.890,24.09,0.374,
417,2026-08-27T12:49:05.887,1,1,0.897,0.885,24.09,0.374,
418,2026-08-27T12:49:06.015,1,1,0.849,0.844,24.09,0.374,
419,2026-08-27T12:49:06.112,1,1,0.890,0.885,24.07,0.374,
420,2026-08-27T12:49:06.239,1,2,0.686,0.500,24.09,0.374,
421,2026-08-27T12:49:06.334,1,0,0.897,0.897,24.09,0.374,
422,2026-08-27T12:49:06.463,1,1,0.782,0.680,24.09,0.374,
423,2026-08-27T12:49:06.557,1,1,0.831,0.804,24.11,0.374,
424,2026-08-27T12:49:06.687,1,1,0.885,0.852,24.11,0.374,
425,2026-08-27T12:49:06.813,1,1,0.884,0.873,24.11,0.374,
426,2026-08-27T12:49:06.911,2,1,0.685,0.505,24.11,0.374,
427,2026-08-27T12:49:07.039,1,1,0.884,0.858,24.11,0.374,
428,2026-08-27T12:49:07.135,1,1,0.861,0.857,24.14,0.374,
429,2026-08-27T12:49:07.264,1,1,0.900,0.884,24.14,0.374,
430,2026-08-27T12:49:07.358,1,1,0.825,0.740,24.14,0.374,
431,2026-08-27T12:49:07.487,1,1,0.898,0.859,24.11,0.374,
432,2026-08-27T12:49:07.583,1,1,0.879,0.852,24.11,0.374,
433,2026-08-27T12:49:07.710,1,1,0.921,0.894,24.14,0.374,
434,2026-08-27T12:49:07.837,1,1,0.934,0.918,24.14,0.374,
435,2026-08-27T12:49:07.934,1,1,0.923,0.895,24.11,0.374,
436,2026-08-27T12:49:08.062,1,1,0.934,0.918,24.09,0.374,
437,2026-08-27T12:49:08.159,1,1,0.932,0.918,24.09,0.374,
438,2026-08-27T12:49:08.286,1,1,0.929,0.912,24.09,0.374,
439,2026-08-27T12:49:08.382,1,1,0.937,0.911,24.09,0.374,
440,2026-08-27T12:49:08.509,1,1,0.927,0.904,24.09,0.374,
441,2026-08-27T12:49:08.639,2,1,0.716,0.492,24.09,0.374,
442,2026-08-27T12:49:08.735,1,2,0.778,0.565,24.09,0.374,
443,2026-08-27T12:49:08.863,1,1,0.817,0.692,24.09,0.374,
444,2026-08-27T12:49:08.958,1,1,0.686,0.587,24.09,0.374,
445,2026-08-27T12:49:09.089,1,1,0.838,0.743,24.09,0.374,
446,2026-08-27T12:49:09.184,1,2,0.693,0.487,24.11,0.374,
447,2026-08-27T12:49:09.311,1,1,0.794,0.652,24.11,0.374,
448,2026-08-27T12:49:09.408,1,1,0.687,0.434,24.11,0.374,
449,2026-08-27T12:49:09.536,1,0,0.934,0.934,24.07,0.374,
450,2026-08-27T12:49:09.663,1,0,0.946,0.946,24.07,0.374,
451,2026-08-27T12:49:09.759,1,1,0.679,0.413,24.07,0.374,
452,2026-08-27T12:49:09.887,1,0,0.939,0.939,24.07,0.374,
453,2026-08-27T12:49:09.983,1,1,0.895,0.848,24.04,0.374,
454,2026-08-27T12:49:10.111,1,1,0.855,0.798,24.02,0.374,
455,2026-08-27T12:49:10.207,1,1,0.857,0.846,24.04,0.374,
456,2026-08-27T12:49:10.336,1,1,0.850,0.829,24.02,0.374,
457,2026-08-27T12:49:10.462,1,1,0.889,0.878,24.02,0.374,
458,2026-08-27T12:49:10.560,1,1,0.870,0.851,24.02,0.374,
459,2026-08-27T12:49:10.686,1,1,0.855,0.801,24.02,0.374,
460,2026-08-27T12:49:10.782,1,1,0.874,0.847,24.02,0.374,
461,2026-08-27T12:49:10.911,1,1,0.879,0.875,24.00,0.374,
462,2026-08-27T12:49:11.006,1,1,0.635,0.381,24.00,0.374,
463,2026-08-27T12:49:11.134,2,1,0.738,0.538,24.02,0.374,
464,2026-08-27T12:49:11.230,1,1,0.840,0.824,24.02,0.374,
465,2026-08-27T12:49:11.361,1,1,0.824,0.768,24.02,0.374,
466,2026-08-27T12:49:11.486,1,1,0.869,0.824,24.02,0.374,
467,2026-08-27T12:49:11.582,1,1,0.882,0.879,24.00,0.374,
468,2026-08-27T12:49:11.710,1,1,0.898,0.893,24.02,0.374,
469,2026-08-27T12:49:11.806,1,0,0.718,0.718,24.02,0.374,
470,2026-08-27T12:49:11.936,1,1,0.912,0.897,24.02,0.374,
471,2026-08-27T12:49:12.030,1,1,0.755,0.592,24.02,0.374,
472,2026-08-27T12:49:12.158,1,1,0.822,0.729,24.02,0.374,
473,2026-08-27T12:49:12.254,1,1,0.872,0.855,24.02,0.374,
474,2026-08-27T12:49:12.385,1,1,0.868,0.810,24.00,0.374,
475,2026-08-27T12:49:12.513,1,1,0.818,0.745,24.00,0.374,
476,2026-08-27T12:49:12.607,1,1,0.901,0.874,23.98,0.374,
477,2026-08-27T12:49:12.733,1,1,0.894,0.861,23.98,0.374,
478,2026-08-27T12:49:12.831,1,1,0.893,0.855,23.98,0.374,
479,2026-08-27T12:49:12.958,1,1,0.893,0.873,24.00,0.374,
480,2026-08-27T12:49:13.054,1,1,0.681,0.462,24.02,0.374,
481,2026-08-27T12:49:13.182,1,1,0.869,0.822,24.00,0.374,
482,2026-08-27T12:49:13.311,1,1,0.884,0.859,24.02,0.374,
483,2026-08-27T12:49:13.407,1,1,0.887,0.861,24.02,0.374,
484,2026-08-27T12:49:13.535,1,1,0.851,0.762,24.04,0.374,
485,2026-08-27T12:49:13.630,1,1,0.893,0.856,24.04,0.374,
486,2026-08-27T12:49:13.758,1,1,0.888,0.863,24.07,0.374,
487,2026-08-27T12:49:13.855,1,1,0.888,0.850,24.07,0.374,
488,2026-08-27T12:49:13.983,1,1,0.865,0.826,24.07,0.374,
489,2026-08-27T12:49:14.081,2,1,0.561,0.425,24.09,0.374,
490,2026-08-27T12:49:14.207,1,1,0.649,0.440,24.11,0.374,
491,2026-08-27T12:49:14.340,1,1,0.699,0.627,24.14,0.374,
492,2026-08-27T12:49:14.438,1,1,0.826,0.806,24.14,0.374,
493,2026-08-27T12:49:14.558,1,1,0.838,0.801,24.14,0.374,
494,2026-08-27T12:49:14.654,1,1,0.872,0.838,24.11,0.374,
495,2026-08-27T12:49:14.783,1,1,0.855,0.801,24.11,0.374,
496,2026-08-27T12:49:14.879,1,1,0.834,0.819,24.11,0.374,
497,2026-08-27T12:49:15.007,1,1,0.789,0.786,24.14,0.374,
498,2026-08-27T12:49:15.135,1,1,0.826,0.792,24.14,0.374,
499,2026-08-27T12:49:15.231,1,1,0.862,0.818,24.14,0.374,
500,2026-08-27T12:49:15.359,1,1,0.861,0.842,24.16,0.374,
501,2026-08-27T12:49:15.454,1,1,0.665,0.463,24.16,0.374,
502,2026-08-27T12:49:15.583,1,1,0.857,0.853,24.14,0.374,
503,2026-08-27T12:49:15.679,1,1,0.643,0.415,24.14,0.374,
504,2026-08-27T12:49:15.808,1,1,0.564,0.495,24.11,0.374,
505,2026-08-27T12:49:15.900,1,1,0.844,0.803,24.11,0.374,
506,2026-08-27T12:49:16.033,1,2,0.637,0.471,24.09,0.374,
507,2026-08-27T12:49:16.158,1,1,0.830,0.754,24.09,0.374,
508,2026-08-27T12:49:16.257,1,1,0.772,0.748,24.09,0.374,
509,2026-08-27T12:49:16.383,1,1,0.779,0.717,24.11,0.374,
510,2026-08-27T12:49:16.479,1,1,0.817,0.782,24.11,0.374,
511,2026-08-27T12:49:16.608,1,1,0.779,0.657,24.11,0.374,
512,2026-08-27T12:49:16.703,1,1,0.862,0.831,24.11,0.374,
513,2026-08-27T12:49:16.831,1,1,0.887,0.844,24.09,0.374,
514,2026-08-27T12:49:16.959,1,0,0.932,0.932,24.09,0.374,
515,2026-08-27T12:49:17.054,1,1,0.882,0.869,24.09,0.374,
516,2026-08-27T12:49:17.182,1,1,0.811,0.745,24.09,0.374,
517,2026-08-27T12:49:17.278,1,1,0.856,0.841,24.09,0.374,
518,2026-08-27T12:49:17.408,1,1,0.864,0.851,24.09,0.374,
519,2026-08-27T12:49:17.503,1,1,0.886,0.881,24.09,0.374,
520,2026-08-27T12:49:17.630,1,1,0.875,0.860,24.09,0.374,
521,2026-08-27T12:49:17.728,1,1,0.856,0.842,24.11,0.374,
522,2026-08-27T12:49:17.853,1,1,0.819,0.761,24.11,0.374,
523,2026-08-27T12:49:17.982,1,1,0.882,0.860,24.14,0.374,
524,2026-08-27T12:49:18.079,1,0,0.933,0.933,24.14,0.374,
525,2026-08-27T12:49:18.209,1,1,0.805,0.753,24.11,0.374,
526,2026-08-27T12:49:18.302,1,1,0.891,0.881,24.16,0.374,
527,2026-08-27T12:49:18.432,1,1,0.857,0.844,24.14,0.374,
528,2026-08-27T12:49:18.528,1,1,0.879,0.876,24.14,0.374,
529,2026-08-27T12:49:18.655,1,1,0.882,0.845,24.16,0.374,
530,2026-08-27T12:49:18.750,1,0,0.881,0.881,24.16,0.374,
531,2026-08-27T12:49:18.882,1,1,0.852,0.822,24.14,0.374,
532,2026-08-27T12:49:19.009,1,1,0.878,0.854,24.14,0.374,
533,2026-08-27T12:49:19.102,1,1,0.829,0.783,24.14,0.374,
534,2026-08-27T12:49:19.233,2,1,0.627,0.391,24.14,0.374,
535,2026-08-27T12:49:19.329,1,1,0.899,0.892,24.09,0.374,
536,2026-08-27T12:49:19.457,2,0,0.515,0.405,24.09,0.374,
537,2026-08-27T12:49:19.552,1,1,0.903,0.867,24.11,0.374,
538,2026-08-27T12:49:19.680,1,2,0.652,0.512,24.11,0.374,
539,2026-08-27T12:49:19.807,1,1,0.897,0.873,24.14,0.374,
540,2026-08-27T12:49:19.905,1,0,0.900,0.900,24.14,0.374,
541,2026-08-27T12:49:20.032,1,1,0.881,0.876,24.21,0.374,
542,2026-08-27T12:49:20.128,1,0,0.891,0.891,24.21,0.374,
543,2026-08-27T12:49:20.254,1,1,0.872,0.869,24.18,0.374,
544,2026-08-27T12:49:20.353,1,2,0.651,0.506,24.18,0.374,
545,2026-08-27T12:49:20.482,1,1,0.825,0.802,24.18,0.374,
546,2026-08-27T12:49:20.576,1,2,0.706,0.463,24.18,0.374,
547,2026-08-27T12:49:20.705,1,1,0.659,0.592,24.18,0.374,
548,2026-08-27T12:49:20.831,1,1,0.823,0.798,24.18,0.374,
549,2026-08-27T12:49:20.928,1,1,0.736,0.619,24.16,0.374,
550,2026-08-27T12:49:21.057,1,1,0.701,0.479,24.16,0.374,
551,2026-08-27T12:49:21.154,0,1,0.934,0.934,24.16,0.374,
552,2026-08-27T12:49:21.283,0,1,0.903,0.903,24.16,0.374,
553,2026-08-27T12:49:21.378,0,1,0.913,0.913,24.16,0.374,
554,2026-08-27T12:49:21.508,1,1,0.725,0.507,24.16,0.374,
555,2026-08-27T12:49:21.636,1,1,0.682,0.654,24.16,0.374,
556,2026-08-27T12:49:21.732,1,1,0.885,0.839,24.18,0.374,
557,2026-08-27T12:49:21.860,1,1,0.710,0.500,24.18,0.374,
558,2026-08-27T12:49:21.958,1,1,0.795,0.689,24.18,0.374,
559,2026-08-27T12:49:22.084,1,1,0.529,0.416,24.21,0.374,
560,2026-08-27T12:49:22.179,1,1,0.706,0.593,24.21,0.374,
561,2026-08-27T12:49:22.305,1,1,0.903,0.890,24.23,0.374,
562,2026-08-27T12:49:22.404,1,1,0.864,0.788,24.25,0.374,
563,2026-08-27T12:49:22.533,1,1,0.647,0.411,24.25,0.374,
564,2026-08-27T12:49:22.658,1,1,0.842,0.742,24.23,0.374,
565,2026-08-27T12:49:22.753,0,1,0.912,0.912,24.21,0.374,
566,2026-08-27T12:49:22.880,1,1,0.863,0.792,24.21,0.374,
567,2026-08-27T12:49:22.976,1,1,0.573,0.510,24.21,0.374,
568,2026-08-27T12:49:23.105,2,1,0.677,0.387,24.21,0.374,
569,2026-08-27T12:49:23.198,1,1,0.696,0.568,24.21,0.374,
570,2026-08-27T12:49:23.328,0,0,,,24.16,0.374,
571,2026-08-27T12:49:23.456,1,1,0.445,0.415,24.16,0.374,
572,2026-08-27T12:49:23.552,0,0,,,24.16,0.374,
573,2026-08-27T12:49:23.680,0,0,,,24.14,0.374,
574,2026-08-27T12:49:23.774,0,0,,,24.14,0.374,
575,2026-08-27T12:49:23.904,0,0,,,24.14,0.374,
576,2026-08-27T12:49:23.999,0,0,,,24.14,0.374,
577,2026-08-27T12:49:24.127,0,0,,,24.14,0.374,
578,2026-08-27T12:49:24.223,0,0,,,24.14,0.374,
579,2026-08-27T12:49:24.359,0,0,,,24.11,0.374,
580,2026-08-27T12:49:24.482,0,0,,,24.11,0.374,
581,2026-08-27T12:49:24.576,0,0,,,24.11,0.374,
582,2026-08-27T12:49:24.705,0,0,,,24.11,0.374,
583,2026-08-27T12:49:24.798,0,0,,,24.14,0.374,
584,2026-08-27T12:49:24.927,0,0,,,24.14,0.374,
585,2026-08-27T12:49:25.023,0,0,,,24.16,0.374,
586,2026-08-27T12:49:25.152,0,0,,,24.16,0.374,
587,2026-08-27T12:49:25.247,0,0,,,24.16,0.374,
588,2026-08-27T12:49:25.376,0,0,,,24.16,0.374,
589,2026-08-27T12:49:25.505,0,0,,,24.16,0.374,
590,2026-08-27T12:49:25.599,0,0,,,24.18,0.374,
591,2026-08-27T12:49:25.728,0,0,,,24.23,0.374,
592,2026-08-27T12:49:25.822,0,0,,,24.23,0.374,
593,2026-08-27T12:49:25.949,0,0,,,24.23,0.374,
594,2026-08-27T12:49:26.047,0,0,,,24.23,0.374,
595,2026-08-27T12:49:26.174,0,0,,,24.23,0.374,
596,2026-08-27T12:49:26.302,0,0,,,24.25,0.374,
597,2026-08-27T12:49:26.398,0,0,,,24.25,0.374,
598,2026-08-27T12:49:26.526,0,0,,,24.28,0.374,
599,2026-08-27T12:49:26.621,0,0,,,24.30,0.374,
600,2026-08-27T12:49:26.752,0,0,,,24.30,0.374,
601,2026-08-27T12:49:26.846,0,0,,,24.28,0.374,
602,2026-08-27T12:49:26.975,0,0,,,24.28,0.374,
603,2026-08-27T12:49:27.070,0,0,,,24.28,0.374,
604,2026-08-27T12:49:27.200,0,0,,,24.25,0.374,
